player_id,player_name,balls_bowled,runs_conceded,wickets,dot_balls,boundaries_conceded,overs,economy,bowling_average,bowling_strike_rate,dot_ball_pct,boundary_conceded_pct,economy_death,economy_middle,economy_powerplay,current_team
57ee1fde,YS Chahal,4037,5417,233,1376,585,672.5,8.051027991082487,23.248927038626608,17.326180257510728,34.08471637354471,14.490958632648008,9.12927191679049,7.5060810810810805,7.737623762376238,Punjab Kings
2e81a32d,B Kumar,4600,5913,226,2004,790,766.4,7.7126086956521736,26.163716814159294,20.353982300884955,43.56521739130435,17.17391304347826,8.942056074766356,8.402654867256636,6.287848997247345,Royal Challengers Bengaluru
9d430b40,SP Narine,4651,5261,207,1857,545,775.1,6.786927542463986,25.415458937198068,22.468599033816425,39.926897441410446,11.71791012685444,7.080542986425339,6.457746478873239,6.715151515151516,Kolkata Knight Riders
98ae73b1,PP Chawla,3850,5108,192,1358,596,641.4,7.960519480519481,26.604166666666668,20.052083333333332,35.27272727272727,15.480519480519481,8.54054054054054,7.754125968339508,7.647597254004577,Mumbai Indians
462411b3,JJ Bumrah,3631,4441,187,1531,531,605.1,7.33847424951804,23.74866310160428,19.41711229946524,42.164692922060034,14.62407050399339,7.86366830639494,6.337579617834395,6.507109004739336,Mumbai Indians
495d42a5,R Ashwin,4710,5652,187,1663,554,785.0,7.199999999999999,30.22459893048128,25.18716577540107,35.30785562632696,11.762208067940552,7.8369384359401,6.791739586979349,6.86741214057508,Chennai Super Kings
87e562a9,DJ Bravo,3120,4360,183,1054,501,520.0,8.384615384615383,23.825136612021858,17.049180327868854,33.782051282051285,16.05769230769231,8.941516245487366,7.214333112143331,7.473684210526317,Chennai Super Kings
fe93fd9d,RA Jadeja,4254,5465,180,1391,563,709.0,7.7080394922425945,30.36111111111111,23.633333333333333,32.69863657733897,13.23460272684532,8.613636363636363,7.3802345058626475,8.083333333333334,Rajasthan Royals
5f547c8b,Rashid Khan,3530,4282,179,1316,467,588.2,7.278186968838527,23.921787709497206,19.720670391061454,37.28045325779037,13.229461756373937,8.571428571428571,6.77115987460815,7.517241379310344,Gujarat Titans
6b19d823,A Mishra,3371,4145,174,1220,420,561.5,7.377632749925838,23.82183908045977,19.373563218390803,36.19104123405518,12.459210916641945,9.120921305182343,6.834070796460177,7.043478260869566,Lucknow Super Giants
a12e1d51,SL Malinga,2827,3366,170,1217,397,471.1,7.14396887159533,19.8,16.629411764705882,43.04916873010258,14.043155288291477,7.466427931960608,6.98,5.881081081081081,Mumbai Indians
ce820073,Sandeep Sharma,3159,4294,151,1243,563,526.3,8.155745489078823,28.43708609271523,20.920529801324502,39.34789490345046,17.82209559987338,10.076045627376427,7.771428571428572,6.896551724137931,Rajasthan Royals
f986ca1a,HV Patel,2506,3727,151,857,463,417.4,8.923383878691142,24.68211920529801,16.596026490066226,34.19792498004789,18.4756584197925,9.301401869158878,7.647619047619047,8.799999999999999,Sunrisers Hyderabad
8b5b6769,Harbhajan Singh,3416,4030,150,1312,441,569.2,7.078454332552693,26.866666666666667,22.773333333333333,38.40749414519906,12.90983606557377,8.021978021978022,6.751898734177216,6.93143596377749,Kolkata Knight Riders
e62dd25d,K Rabada,2290,3358,148,948,472,381.4,8.79825327510917,22.68918918918919,15.472972972972974,41.39737991266376,20.611353711790393,9.307017543859649,7.380228136882129,8.466666666666667,Gujarat Titans
8cf9814c,Mohammed Shami,2912,4208,145,1226,610,485.2,8.67032967032967,29.020689655172415,20.082758620689656,42.10164835164835,20.947802197802197,10.516483516483516,8.348314606741573,7.352727272727272,Lucknow Super Giants
a818c1be,TA Boult,2780,3935,145,1172,576,463.2,8.492805755395684,27.137931034482758,19.17241379310345,42.15827338129496,20.719424460431654,10.319034852546917,8.587301587301587,7.148550724637682,Mumbai Indians
cc1e8c68,UT Yadav,3050,4317,144,1260,618,508.2,8.492459016393443,29.979166666666668,21.180555555555557,41.31147540983607,20.262295081967213,9.934426229508198,7.899082568807339,7.369294605809129,Gujarat Titans
2e171977,AR Patel,3579,4431,139,1213,470,596.3,7.428331936295054,31.87769784172662,25.74820143884892,33.89214864487287,13.132159821179101,8.403141361256544,7.036298364579178,7.721739130434782,Delhi Capitals
759ac88f,MM Sharma,2403,3513,134,836,470,400.3,8.771535580524345,26.21641791044776,17.932835820895523,34.78984602580108,19.558884727424054,9.96282527881041,7.674796747967481,7.9720279720279725,Delhi Capitals
2f49c897,Mohammed Siraj,2672,3911,128,1176,569,445.2,8.782185628742514,30.5546875,20.875,44.01197604790419,21.29491017964072,9.68918918918919,7.333333333333334,7.885245901639344,Gujarat Titans
bbd41817,AD Russell,1806,2863,123,645,401,301.0,9.511627906976743,23.276422764227643,14.682926829268293,35.714285714285715,22.20376522702104,10.42320819112628,8.870848708487085,7.901719901719902,Kolkata Knight Riders
1abb78f8,SN Thakur,2202,3514,119,766,475,367.0,9.574931880108991,29.529411764705884,18.50420168067227,34.78655767484105,21.571298819255222,10.045393858477972,7.917695473251028,9.18232044198895,Mumbai Indians
1e66c162,JD Unadkat,2351,3504,114,784,453,391.5,8.942577626541897,30.736842105263158,20.62280701754386,33.34751169715015,19.268396427052316,10.628571428571428,8.287769784172662,7.746478873239436,Sunrisers Hyderabad
8d2c70ad,Kuldeep Yadav,2286,3159,112,708,337,381.0,8.291338582677165,28.205357142857142,20.410714285714285,30.971128608923888,14.741907261592303,8.44864864864865,8.078663793103448,7.800000000000001,Delhi Capitals
244048f6,Arshdeep Singh,2032,3111,111,748,437,338.4,9.186023622047244,28.027027027027028,18.306306306306308,36.811023622047244,21.505905511811026,9.390532544378699,8.633333333333333,8.295180722891567,Punjab Kings
5b7ab5a9,CV Varun,2134,2745,111,802,321,355.4,7.717900656044986,24.72972972972973,19.225225225225227,37.582005623242736,15.042174320524836,8.542682926829269,7.282700421940929,7.671875,Kolkata Knight Riders
5b8c830e,KH Pandya,2701,3410,107,877,353,450.1,7.574972232506479,31.869158878504674,25.242990654205606,32.469455757126994,13.06923361717882,8.322580645161292,7.112149532710281,7.709677419354838,Royal Challengers Bengaluru
96fd40ae,A Nehra,1908,2495,106,828,352,318.0,7.845911949685535,23.537735849056602,18.0,43.39622641509434,18.448637316561843,8.49335863377609,7.125,7.22964318389753,Sunrisers Hyderabad
41eb4a4f,R Vinay Kumar,2121,2966,105,801,390,353.3,8.39038189533239,28.247619047619047,20.2,37.765205091937766,18.387553041018386,10.045662100456621,7.621848739495798,6.984,Kolkata Knight Riders
91a4a398,Z Khan,2200,2782,102,929,376,366.4,7.587272727272728,27.274509803921568,21.568627450980394,42.22727272727273,17.09090909090909,8.886326194398682,8.0531561461794,6.445820433436532,Delhi Capitals
8fd1a8f5,DW Steyn,2176,2508,97,1064,335,362.4,6.915441176470589,25.855670103092784,22.432989690721648,48.89705882352941,15.395220588235295,7.9495268138801265,6.3088235294117645,5.867724867724868,Royal Challengers Bengaluru
5bb1a1c4,I Sharma,2419,3377,96,1070,488,403.1,8.376188507647788,35.177083333333336,25.197916666666668,44.233154195948735,20.17362546506821,10.17167381974249,8.48611111111111,7.041420118343195,Gujarat Titans
23eeb873,DL Chahar,2068,2862,96,892,416,344.4,8.303675048355899,29.8125,21.541666666666668,43.133462282398455,20.116054158607348,9.42439024390244,8.0,7.775700934579438,Mumbai Indians
fb66ce1f,CH Morris,1720,2295,95,705,297,286.4,8.00581395348837,24.157894736842106,18.105263157894736,40.98837209302326,17.267441860465116,8.359133126934985,7.469696969696971,7.150442477876106,Rajasthan Royals
eef2536f,Avesh Khan,1767,2734,93,638,386,294.3,9.28353140916808,29.397849462365592,19.0,36.106395019807586,21.844934917940012,9.294478527607362,8.035294117647059,9.36198347107438,Lucknow Super Giants
4329fbb5,SR Watson,2029,2682,92,850,366,338.1,7.931000492853622,29.152173913043477,22.054347826086957,41.892557910300646,18.03844258255298,9.192374350086656,7.087378640776699,6.820143884892087,Chennai Super Kings
a2f46292,KK Ahmed,1657,2474,91,721,366,276.1,8.958358479179239,27.186813186813186,18.208791208791208,43.51237175618588,22.088111044055523,10.236144578313253,8.181818181818182,8.012269938650306,Chennai Super Kings
85e0cf10,M Prasidh Krishna,1733,2598,90,717,378,288.5,8.99480669359492,28.866666666666667,19.255555555555556,41.3733410271206,21.811886901327178,10.082142857142857,7.935135135135136,7.786407766990291,Gujarat Titans
c3d1402f,RP Singh,1775,2338,90,790,322,295.5,7.903098591549297,25.977777777777778,19.72222222222222,44.50704225352113,18.140845070422536,8.7438330170778,7.7560975609756095,6.778443113772456,Rising Pune Supergiant
e938e1bc,P Kumar,2524,3251,90,1147,442,420.4,7.728209191759113,36.12222222222222,28.044444444444444,45.443740095087165,17.51188589540412,10.114864864864865,7.566666666666666,6.312977099236641,Gujarat Lions
6c6591ab,PP Ojha,1899,2332,89,708,242,316.3,7.368088467614534,26.202247191011235,21.337078651685392,37.2827804107425,12.743549236440233,9.104895104895105,6.58557902403496,7.85,Mumbai Indians
ded9240e,PJ Cummins,1809,2680,87,685,367,301.3,8.88888888888889,30.804597701149426,20.79310344827586,37.86622443338861,20.287451630735212,9.840490797546012,7.47191011235955,8.48091603053435,Sunrisers Hyderabad
d2a989fc,DS Kulkarni,1787,2474,86,765,352,297.5,8.306659205372132,28.767441860465116,20.77906976744186,42.80917739227756,19.69781757134863,9.453488372093023,8.131764705882352,7.284872298624755,Mumbai Indians
c3d35165,JA Morkel,1723,2359,85,683,319,287.1,8.214741729541498,27.75294117647059,20.270588235294117,39.640162507254786,18.514219384793964,8.990769230769232,6.626506024096385,8.066666666666666,Rising Pune Supergiant
5574750c,JC Archer,1578,2161,84,710,304,263.0,8.216730038022813,25.726190476190474,18.785714285714285,44.9936628643853,19.26489226869455,9.526881720430108,6.777777777777777,6.880000000000001,Rajasthan Royals
df064e1a,Ravi Bishnoi,1789,2494,83,618,298,298.1,8.364449413079932,30.048192771084338,21.55421686746988,34.544438233650084,16.657350475125767,9.033962264150944,7.922077922077922,8.130434782608695,Rajasthan Royals
119678fd,KV Sharma,1585,2215,83,539,257,264.1,8.384858044164037,26.686746987951807,19.096385542168676,34.00630914826498,16.214511041009462,10.56198347107438,8.224770642201834,7.038461538461538,Mumbai Indians
acee4cc4,Imran Tahir,1316,1703,82,451,179,219.2,7.764437689969606,20.76829268292683,16.048780487804876,34.27051671732523,13.601823708206688,8.85981308411215,7.020191285866099,9.222222222222221,Chennai Super Kings
dbe50b21,HH Pandya,1764,2751,82,617,372,294.0,9.357142857142858,33.548780487804876,21.51219512195122,34.977324263038554,21.08843537414966,11.55,8.0098814229249,9.333333333333334,Mumbai Indians
5fa06777,IK Pathan,2043,2649,80,885,375,340.3,7.779735682819384,33.1125,25.5375,43.31864904552129,18.355359765051396,8.957055214723926,7.59433962264151,6.745098039215686,Gujarat Lions
5bb5a915,M Morkel,1629,2089,77,738,289,271.3,7.694290976058932,27.12987012987013,21.155844155844157,45.30386740331492,17.740945365254756,8.923076923076923,7.441441441441441,6.635761589403974,Kolkata Knight Riders
3fb19989,MA Starc,1191,1750,76,503,251,198.3,8.816120906801007,23.026315789473685,15.671052631578947,42.23341729638959,21.074727120067173,8.554621848739496,7.444444444444445,8.303571428571429,Delhi Capitals
b2b50355,L Balaji,1512,2028,76,582,256,252.0,8.047619047619047,26.68421052631579,19.894736842105264,38.492063492063494,16.93121693121693,9.824701195219124,6.696428571428571,6.613333333333333,Punjab Kings
2ed569a0,RD Chahar,1694,2196,75,596,243,282.2,7.778040141676506,29.28,22.586666666666666,35.18299881936245,14.344746162927983,7.870588235294118,7.590909090909091,7.666666666666666,Chennai Super Kings
f0f628c7,MM Patel,1355,1698,74,612,237,225.5,7.518819188191881,22.945945945945947,18.31081081081081,45.1660516605166,17.490774907749078,10.052459016393442,5.984848484848485,6.798165137614679,Gujarat Lions
ce794613,T Natarajan,1553,2378,73,492,310,258.5,9.187379265936897,32.57534246575342,21.273972602739725,31.68061815840309,19.961365099806823,9.841521394611728,8.24436090225564,8.123076923076923,Delhi Capitals
03806cf8,JR Hazlewood,1176,1690,72,516,253,196.0,8.622448979591837,23.47222222222222,16.333333333333332,43.87755102040816,21.51360544217687,9.811550151975684,7.7560975609756095,7.915887850467289,Royal Challengers Bengaluru
51a3c5ef,MJ McClenaghan,1274,1803,71,534,246,212.2,8.491365777080063,25.3943661971831,17.943661971830984,41.915227629513346,19.309262166405023,8.625,8.404761904761905,7.44954128440367,Mumbai Indians
33a364a6,R Bhatia,1636,2020,71,467,188,272.4,7.408312958435207,28.450704225352112,23.04225352112676,28.545232273838632,11.491442542787286,8.441558441558442,7.038047379755923,12.5,Rising Pune Supergiant
0f721006,JO Holder,1225,1751,70,434,221,204.1,8.576326530612246,25.014285714285716,17.5,35.42857142857142,18.040816326530614,9.1437125748503,7.525423728813559,8.366666666666667,Gujarat Titans
66b30f71,AB Dinda,1516,2073,69,648,286,252.4,8.20448548812665,30.043478260869566,21.971014492753625,42.74406332453825,18.86543535620053,10.674757281553397,6.142857142857142,6.866666666666666,Rising Pune Supergiant
a757b0d8,KA Pollard,1488,2180,69,422,247,248.0,8.790322580645162,31.594202898550726,21.565217391304348,28.360215053763444,16.599462365591396,10.29080118694362,7.759641255605381,9.166666666666666,Mumbai Indians
3d7e087f,SK Trivedi,1506,1904,65,528,202,251.0,7.585657370517929,29.29230769230769,23.16923076923077,35.0597609561753,13.41301460823373,8.666666666666666,6.715083798882683,8.523809523809524,Rajasthan Royals
86dc8f2e,JH Kallis,1742,2293,65,640,292,290.2,7.897818599311137,35.276923076923076,26.8,36.739380022962116,16.762342135476462,9.7,7.073903002309469,7.058139534883722,Kolkata Knight Riders
0a8fce53,Mustafizur Rahman,1364,1849,65,511,230,227.2,8.133431085043988,28.446153846153845,20.984615384615385,37.4633431085044,16.862170087976537,8.65625,7.601226993865031,6.948051948051948,Delhi Capitals
7dc35884,Shakib Al Hasan,1484,1839,63,523,198,247.2,7.435309973045822,29.19047619047619,23.555555555555557,35.24258760107817,13.34231805929919,9.154639175257731,6.785714285714286,7.413333333333333,Kolkata Knight Riders
4ba44e19,M Muralitharan,1524,1696,63,641,170,254.0,6.677165354330709,26.92063492063492,24.19047619047619,42.06036745406824,11.15485564304462,7.832727272727272,6.1303167420814475,5.958333333333334,Royal Challengers Bengaluru
acdc62f5,A Nortje,1120,1696,61,453,239,186.4,9.085714285714285,27.80327868852459,18.360655737704917,40.44642857142857,21.33928571428571,9.695454545454545,8.135593220338983,7.837837837837838,Lucknow Super Giants
f5180fe6,MG Johnson,1232,1702,61,555,249,205.2,8.28896103896104,27.901639344262296,20.19672131147541,45.048701298701296,20.21103896103896,9.079470198675498,7.5576923076923075,7.495145631067961,Kolkata Knight Riders
efc04be7,Noor Ahmad,1098,1495,61,379,168,183.0,8.169398907103824,24.508196721311474,18.0,34.517304189435336,15.300546448087433,7.629139072847682,7.785794813979708,9.0,Chennai Super Kings
e94915e6,SM Curran,1253,2033,59,414,284,208.5,9.735035913806863,34.45762711864407,21.23728813559322,33.04070231444533,22.66560255387071,10.874035989717225,10.244897959183673,8.021052631578947,Chennai Super Kings
808f425a,JP Faulkner,1227,1778,59,437,224,204.3,8.69437652811736,30.135593220338983,20.796610169491526,35.61532192339038,18.2559087204564,9.610278372591008,7.904999999999999,7.416666666666667,Gujarat Lions
dcf81436,S Kaul,1209,1739,58,410,231,201.3,8.630272952853598,29.982758620689655,20.844827586206897,33.91232423490488,19.106699751861044,8.60431654676259,8.013513513513514,8.827586206896552,Royal Challengers Bengaluru
bb18be76,SK Warne,1194,1447,57,442,147,199.0,7.271356783919598,25.385964912280702,20.94736842105263,37.018425460636514,12.311557788944723,8.75,6.598726114649681,9.5,Rajasthan Royals
46a9bea1,TU Deshpande,1103,1858,55,401,270,183.5,10.106980961015413,33.78181818181818,20.054545454545455,36.35539437896645,24.478694469628287,10.930362116991644,9.81081081081081,8.540229885057471,Rajasthan Royals
2f9d0389,LH Ferguson,1089,1671,52,420,233,181.3,9.206611570247935,32.13461538461539,20.942307692307693,38.56749311294766,21.395775941230486,10.326409495548962,7.447368421052632,8.97972972972973,Punjab Kings
7a8bd078,S Gopal,991,1349,52,326,150,165.1,8.167507568113017,25.942307692307693,19.057692307692307,32.89606458123108,15.136226034308779,6.218181818181819,8.24087591240876,7.894736842105264,Mumbai Indians
9d80c5e1,S Nadeem,1415,1784,48,469,185,235.5,7.564664310954063,37.166666666666664,29.479166666666668,33.14487632508834,13.074204946996467,9.157894736842106,7.024975024975026,7.92,Sunrisers Hyderabad
56ab442f,NM Coulter-Nile,857,1100,48,387,155,142.5,7.7012835472578764,22.916666666666668,17.854166666666668,45.15752625437573,18.08634772462077,8.975806451612902,6.602409638554216,6.816666666666666,Rajasthan Royals
64839cb3,M Pathirana,710,1025,47,264,112,118.2,8.661971830985916,21.80851063829787,15.106382978723405,37.183098591549296,15.774647887323944,8.343283582089553,7.04,5.25,Kolkata Knight Riders
c8179c68,SB Jakati,1085,1451,47,355,157,180.5,8.023963133640553,30.872340425531913,23.085106382978722,32.71889400921659,14.47004608294931,9.34351145038168,7.5524475524475525,8.5625,Gujarat Lions
7c3b3b78,VG Arora,866,1406,47,320,208,144.2,9.74133949191686,29.914893617021278,18.425531914893618,36.95150115473441,24.018475750577366,9.723214285714285,11.058823529411764,8.633333333333333,Kolkata Knight Riders
13c35c9e,TG Southee,1206,1742,47,475,237,201.0,8.666666666666666,37.06382978723404,25.659574468085108,39.38640132669983,19.65174129353234,10.120689655172413,7.378378378378379,7.726415094339623,Kolkata Knight Riders
a97c8ec2,PWH de Silva,798,1119,46,276,135,133.0,8.413533834586467,24.32608695652174,17.347826086956523,34.58646616541353,16.917293233082706,8.15,8.20388349514563,9.899999999999999,Rajasthan Royals
d9273ee7,MP Stoinis,935,1547,46,270,200,155.5,9.927272727272728,33.630434782608695,20.32608695652174,28.87700534759358,21.390374331550802,12.994285714285716,8.735440931780367,8.867924528301886,Punjab Kings
81c36ee9,M Jansen,1017,1632,45,388,229,169.3,9.628318584070797,36.266666666666666,22.6,38.151425762045236,22.517207472959686,10.807017543859649,9.125,8.399999999999999,Punjab Kings
12eddf28,RJ Harris,832,1047,45,390,146,138.4,7.550480769230768,23.266666666666666,18.488888888888887,46.875,17.548076923076923,9.0,7.045454545454546,6.056338028169014,Punjab Kings
0c2730df,A Kumble,965,1058,45,397,106,160.5,6.5782383419689126,23.511111111111113,21.444444444444443,41.13989637305699,10.984455958549223,7.25748502994012,6.3826086956521735,4.611111111111111,Royal Challengers Bengaluru
957532de,S Aravind,760,1039,45,302,143,126.4,8.202631578947368,23.08888888888889,16.88888888888889,39.73684210526316,18.815789473684212,9.405405405405405,8.35483870967742,7.267605633802816,Royal Challengers Bengaluru
0a3d54b9,VR Aaron,994,1481,44,415,210,165.4,8.939637826961771,33.65909090909091,22.59090909090909,41.75050301810865,21.12676056338028,10.5,7.567164179104477,8.15625,Gujarat Titans
7c7d63a2,AJ Tye,684,979,42,224,123,114.0,8.587719298245615,23.30952380952381,16.285714285714285,32.748538011695906,17.982456140350877,9.041666666666666,7.882352941176471,7.6875,Lucknow Super Giants
f834dcfc,L Ngidi,620,869,42,248,116,103.2,8.40967741935484,20.69047619047619,14.761904761904763,40.0,18.70967741935484,8.467741935483872,7.904761904761905,7.707317073170732,Delhi Capitals
32198ae0,MC Henriques,950,1289,42,315,161,158.2,8.141052631578948,30.69047619047619,22.61904761904762,33.1578947368421,16.94736842105263,9.306122448979592,7.719568567026195,7.921182266009852,Punjab Kings
3c6ffae8,YK Pathan,1147,1415,42,419,156,191.1,7.401918047079337,33.69047619047619,27.30952380952381,36.53007846556234,13.600697471665214,9.265822784810126,7.319327731092438,6.423728813559322,Sunrisers Hyderabad
2cffab74,Mukesh Kumar,824,1455,42,281,220,137.2,10.594660194174757,34.642857142857146,19.61904761904762,34.101941747572816,26.699029126213592,11.957446808510639,9.034090909090908,9.262295081967213,Delhi Capitals
7210d461,Yash Dayal,871,1390,41,319,195,145.1,9.575200918484501,33.90243902439025,21.24390243902439,36.624569460390354,22.388059701492537,9.973684210526315,8.107317073170732,9.095890410958903,Royal Challengers Bengaluru
b681e71e,GJ Maxwell,1022,1413,41,337,159,170.2,8.29549902152642,34.46341463414634,24.926829268292682,32.974559686888455,15.557729941291583,8.903225806451612,7.923076923076923,8.418604651162791,Punjab Kings
bb351c23,MM Ali,854,1029,41,302,100,142.2,7.22950819672131,25.097560975609756,20.829268292682926,35.36299765807963,11.7096018735363,7.578947368421052,7.309557774607704,5.5,Kolkata Knight Riders
77b1aa15,Harshit Rana,649,1029,40,262,154,108.1,9.513097072419107,25.725,16.225,40.36979969183359,23.728813559322035,9.32484076433121,8.90909090909091,9.204081632653061,Kolkata Knight Riders
5d9a1a73,R Sharma,928,1086,40,344,115,154.4,7.0215517241379315,27.15,23.2,37.06896551724138,12.392241379310345,8.805194805194805,6.614035087719298,6.6000000000000005,Delhi Capitals
f19ccfad,Washington Sundar,1174,1520,40,396,171,195.4,7.76831345826235,38.0,29.35,33.73083475298126,14.565587734241909,9.954545454545455,7.05982905982906,8.265625,Gujarat Titans
6b8eb6e5,S Sreesanth,880,1194,40,416,167,146.4,8.14090909090909,29.85,22.0,47.27272727272727,18.977272727272727,10.367647058823529,7.172413793103448,6.842105263157895,Rajasthan Royals
85aae393,Iqbal Abdulla,920,1109,40,346,125,153.2,7.232608695652175,27.725,23.0,37.608695652173914,13.586956521739129,8.42016806722689,7.211428571428571,6.195652173913043,Royal Challengers Bengaluru
1a0c3177,P Awana,747,1029,39,307,140,124.3,8.265060240963855,26.384615384615383,19.153846153846153,41.09772423025435,18.741633199464523,10.140350877192983,6.9411764705882355,7.711111111111111,Punjab Kings
9fc0ef64,PJ Sangwan,856,1240,38,338,169,142.4,8.69158878504673,32.63157894736842,22.526315789473685,39.48598130841122,19.74299065420561,9.529411764705882,7.868852459016393,8.11864406779661,Gujarat Titans
c33d8116,Mohsin Khan,654,917,38,281,127,109.0,8.412844036697248,24.13157894736842,17.210526315789473,42.96636085626911,19.418960244648318,9.607142857142858,7.642857142857142,7.6415094339622645,Lucknow Super Giants
2a2e6343,DT Christian,883,1192,38,316,141,147.1,8.099660249150622,31.36842105263158,23.236842105263158,35.78708946772367,15.968289920724802,9.981042654028435,6.804878048780488,7.966666666666667,Royal Challengers Bengaluru
ae78bc32,MS Gony,888,1287,37,366,188,148.0,8.695945945945946,34.78378378378378,24.0,41.21621621621622,21.17117117117117,10.2,7.51063829787234,8.530864197530864,Gujarat Lions
3d8feaf8,MR Marsh,560,795,37,189,100,93.2,8.517857142857142,21.486486486486488,15.135135135135135,33.75,17.857142857142858,10.512396694214875,7.1891891891891895,8.49056603773585,Lucknow Super Giants
a9fd84fb,M Markande,750,1145,37,223,144,125.0,9.16,30.945945945945947,20.27027027027027,29.733333333333334,19.2,10.8125,8.73394495412844,,Mumbai Indians
45c2196c,DE Bollinger,576,693,37,270,92,96.0,7.21875,18.72972972972973,15.567567567567568,46.875,15.972222222222221,7.23076923076923,4.666666666666667,6.759259259259259,Chennai Super Kings
c05edf8e,Harpreet Brar,859,1145,37,295,129,143.1,7.997671711292201,30.945945945945947,23.216216216216218,34.342258440046564,15.017462165308498,10.472727272727273,7.12962962962963,9.615384615384617,Punjab Kings
1c914163,Yuvraj Singh,869,1077,36,269,100,144.5,7.436133486766398,29.916666666666668,24.13888888888889,30.95512082853855,11.507479861910241,8.017699115044248,7.246031746031746,,Mumbai Indians
f24c6701,M Theekshana,876,1207,36,273,138,146.0,8.267123287671232,33.52777777777778,24.333333333333332,31.164383561643838,15.753424657534246,8.423076923076923,7.617647058823529,8.384615384615383,Rajasthan Royals
e2db2409,M Ashwin,870,1162,35,298,132,145.0,8.013793103448275,33.2,24.857142857142858,34.25287356321839,15.172413793103448,8.761904761904761,7.458715596330276,8.866666666666667,Rajasthan Royals
3a60e0b5,WD Parnell,723,937,35,312,126,120.3,7.775933609958507,26.771428571428572,20.65714285714286,43.15352697095436,17.42738589211618,8.207792207792208,6.8,6.887096774193549,Royal Challengers Bengaluru
f62772e5,P Negi,716,939,34,249,104,119.2,7.868715083798883,27.61764705882353,21.058823529411764,34.77653631284916,14.52513966480447,10.8,7.212121212121212,9.142857142857142,Royal Challengers Bengaluru
5750bcb4,E Malinga,486,745,33,173,101,81.0,9.197530864197532,22.575757575757574,14.727272727272727,35.59670781893004,20.781893004115226,9.692307692307693,7.64516129032258,9.416666666666666,Sunrisers Hyderabad
5d2eea49,Kartik Tyagi,728,1211,33,268,174,121.2,9.980769230769232,36.696969696969695,22.060606060606062,36.81318681318682,23.9010989010989,10.140495867768596,8.2,10.222222222222221,Kolkata Knight Riders
c7a995d3,R Sai Kishore,465,697,33,140,81,77.3,8.993548387096775,21.12121212121212,14.090909090909092,30.107526881720432,17.419354838709676,10.37037037037037,8.39344262295082,11.0,Gujarat Titans
557153ca,KK Cooper,576,757,33,209,82,96.0,7.885416666666667,22.939393939393938,17.454545454545453,36.28472222222222,14.23611111111111,8.363636363636363,7.138888888888889,6.25,Rajasthan Royals
39a2dfa8,R Tewatia,843,1111,32,270,115,140.3,7.907473309608541,34.71875,26.34375,32.028469750889684,13.641755634638198,7.199999999999999,7.770992366412214,7.5,Gujarat Titans
14f96089,A Zampa,467,652,31,143,71,77.5,8.376873661670237,21.032258064516128,15.064516129032258,30.620985010706637,15.203426124197003,11.123595505617978,7.714285714285715,6.0,Sunrisers Hyderabad
fcc21ace,A Kamboj,491,816,31,193,122,81.5,9.971486761710795,26.322580645161292,15.838709677419354,39.307535641547865,24.84725050916497,10.48854961832061,9.538461538461538,9.212765957446809,Chennai Super Kings
abfeb126,M Kartik,1149,1388,31,405,138,191.3,7.248041775456919,44.774193548387096,37.064516129032256,35.24804177545692,12.010443864229766,7.987012987012987,6.852941176470588,6.670391061452515,Punjab Kings
0f12f9df,NLTC Perera,698,1016,31,238,141,116.2,8.73352435530086,32.774193548387096,22.516129032258064,34.097421203438394,20.20057306590258,11.060869565217391,7.354166666666666,7.266666666666666,Rising Pune Supergiant
4c5d73db,CR Woakes,440,658,30,173,96,73.2,8.972727272727273,21.933333333333334,14.666666666666666,39.31818181818182,21.818181818181817,10.291139240506329,6.4,8.703703703703704,Delhi Capitals
e4a0deae,MJ Santner,687,860,30,248,101,114.3,7.510917030567686,28.666666666666668,22.9,36.098981077147016,14.701601164483261,8.823529411764707,6.824999999999999,8.076923076923077,Mumbai Indians
ffe699c0,CJ Jordan,668,1070,30,224,140,111.2,9.610778443113773,35.666666666666664,22.266666666666666,33.532934131736525,20.958083832335326,10.81294964028777,7.317073170731707,9.0,Mumbai Indians
c38d3503,Shivam Mavi,649,942,30,267,128,108.1,8.708782742681048,31.4,21.633333333333333,41.14021571648691,19.72265023112481,10.203208556149733,6.666666666666667,7.84,Kolkata Knight Riders
b8527c3d,Rasikh Salam,488,814,29,156,115,81.2,10.008196721311474,28.06896551724138,16.82758620689655,31.967213114754102,23.565573770491806,9.986301369863014,9.774193548387098,8.961538461538462,Royal Challengers Bengaluru
81c08fa3,Umran Malik,493,772,29,217,120,82.1,9.39553752535497,26.620689655172413,17.0,44.01622718052739,24.34077079107505,10.191780821917808,7.923076923076923,17.0,Sunrisers Hyderabad
9a158001,Azhar Mahmood,537,700,29,206,89,89.3,7.82122905027933,24.137931034482758,18.517241379310345,38.361266294227185,16.573556797020483,9.246376811594203,6.451612903225806,6.416666666666666,Kolkata Knight Riders
fa463154,AB Agarkar,782,1151,29,273,153,130.2,8.831202046035806,39.689655172413794,26.96551724137931,34.910485933503836,19.565217391304348,9.791208791208792,7.700000000000001,9.0,Delhi Capitals
c404f58a,DP Nannes,646,785,28,306,104,107.4,7.291021671826625,28.035714285714285,23.071428571428573,47.368421052631575,16.09907120743034,8.451923076923077,7.0625,5.719298245614035,Chennai Super Kings
5b040b81,A Singh,473,620,28,200,84,78.5,7.864693446088795,22.142857142857142,16.892857142857142,42.28329809725159,17.758985200845668,9.95031055900621,7.125,6.318181818181818,Rajasthan Royals
d7c6af50,DL Vettori,777,879,28,283,91,129.3,6.787644787644787,31.392857142857142,27.75,36.42213642213642,11.711711711711711,8.0,6.379310344827587,6.4,Royal Challengers Bengaluru
e087956b,BA Stokes,689,992,28,250,132,114.5,8.638606676342526,35.42857142857143,24.607142857142858,36.284470246734394,19.15820029027576,9.176470588235293,7.264214046822743,9.0,Chennai Super Kings
6aed7e79,PV Tambe,660,853,28,215,92,110.0,7.754545454545455,30.464285714285715,23.571428571428573,32.57575757575758,13.939393939393941,10.923076923076923,6.928571428571428,8.461538461538462,Gujarat Lions
896d78ad,AD Mathews,791,1079,27,237,127,131.5,8.184576485461442,39.96296296296296,29.296296296296298,29.96207332490518,16.055625790139064,8.63225806451613,7.658823529411764,8.571428571428571,Delhi Capitals
ab89348d,MF Maharoof,420,520,27,177,62,70.0,7.428571428571429,19.25925925925926,15.555555555555555,42.142857142857146,14.761904761904763,8.76470588235294,5.76,7.107142857142858,Delhi Capitals
4b31f3a3,Yash Thakur,467,825,27,157,114,77.5,10.599571734475376,30.555555555555557,17.296296296296298,33.61884368308351,24.411134903640257,11.005347593582888,8.962499999999999,9.950000000000001,Punjab Kings
f9e6e7ef,Shahbaz Ahmed,655,1069,27,176,134,109.1,9.79236641221374,39.592592592592595,24.25925925925926,26.87022900763359,20.458015267175572,9.807692307692307,9.536423841059602,9.52,Lucknow Super Giants
9440ef41,Suyash Sharma,803,1190,27,263,154,133.5,8.891656288916563,44.074074074074076,29.74074074074074,32.75217932752179,19.17808219178082,8.968421052631578,8.71304347826087,7.333333333333334,Royal Challengers Bengaluru
35205dfc,DR Smith,539,810,26,179,107,89.5,9.01669758812616,31.153846153846153,20.73076923076923,33.209647495361786,19.851576994434136,12.338028169014084,7.701492537313433,10.818181818181818,Gujarat Lions
2a72fd4f,Harmeet Singh,525,697,26,201,85,87.3,7.965714285714286,26.807692307692307,20.192307692307693,38.285714285714285,16.19047619047619,7.5813953488372094,7.365384615384616,8.142857142857142,Punjab Kings
54e52590,Vijaykumar Vyshak,519,906,26,146,117,86.3,10.473988439306357,34.84615384615385,19.96153846153846,28.13102119460501,22.54335260115607,11.560975609756097,9.09433962264151,11.153846153846153,Punjab Kings
7c503806,J Botha,694,800,25,268,84,115.4,6.9164265129683,32.0,27.76,38.61671469740634,12.103746397694524,7.584905660377358,6.030303030303029,7.78125,Kolkata Knight Riders
765a4731,Mukesh Choudhary,483,771,25,204,118,80.3,9.577639751552795,30.84,19.32,42.2360248447205,24.43064182194617,11.851851851851851,8.416666666666666,8.636363636363637,Chennai Super Kings
c0c411cb,Naveen-ul-Haq,387,591,25,140,77,64.3,9.162790697674419,23.64,15.48,36.17571059431525,19.896640826873384,8.830188679245282,7.071428571428571,9.625,Lucknow Super Giants
26a85969,R Dhawan,662,891,25,218,98,110.2,8.075528700906345,35.64,26.48,32.93051359516616,14.803625377643503,9.782608695652174,7.231884057971015,7.692307692307693,Punjab Kings
dd09ff8e,B Lee,875,1095,25,400,146,145.5,7.508571428571428,43.8,35.0,45.714285714285715,16.685714285714287,8.218649517684888,5.461538461538462,6.5679012345679,Kolkata Knight Riders
1dc12ab9,SK Raina,908,1118,25,299,115,151.2,7.387665198237885,44.72,36.32,32.929515418502206,12.665198237885464,8.418604651162791,7.009817671809257,7.454545454545455,Chennai Super Kings
db31895a,AS Rajpoot,529,814,24,213,119,88.1,9.232514177693762,33.916666666666664,22.041666666666668,40.26465028355388,22.495274102079396,10.764705882352942,7.414012738853502,8.533333333333333,Rajasthan Royals
f708a0bc,GB Hogg,458,570,23,170,60,76.2,7.467248908296943,24.782608695652176,19.91304347826087,37.117903930131,13.100436681222707,7.434782608695652,7.2264150943396235,6.375,Kolkata Knight Riders
addfb70e,SW Tait,473,640,23,222,82,78.5,8.118393234672304,27.82608695652174,20.565217391304348,46.93446088794926,17.33615221987315,7.4,7.4526315789473685,6.552631578947368,Rajasthan Royals
4bd09374,Akash Madhwal,352,590,23,112,77,58.4,10.056818181818182,25.652173913043477,15.304347826086957,31.818181818181817,21.875,9.617647058823529,9.565217391304348,8.0,Rajasthan Royals
2e8994e7,JP Duminy,678,834,23,242,86,113.0,7.380530973451327,36.26086956521739,29.47826086956522,35.693215339233035,12.684365781710916,9.333333333333334,6.792207792207792,7.222222222222222,Mumbai Indians
21d4e29b,Navdeep Saini,676,1011,23,290,148,112.4,8.97337278106509,43.95652173913044,29.391304347826086,42.89940828402367,21.893491124260358,8.804347826086957,8.37142857142857,8.170212765957446,Kolkata Knight Riders
eaa76d3c,C Green,571,898,23,207,124,95.1,9.436077057793344,39.04347826086956,24.82608695652174,36.25218914185639,21.71628721541156,11.614678899082568,8.019607843137255,9.153846153846153,Kolkata Knight Riders
871e9faf,Basil Thampi,521,846,22,163,116,86.5,9.742802303262955,38.45454545454545,23.681818181818183,31.285988483685223,22.264875239923224,11.167630057803468,8.322580645161292,9.185185185185185,Mumbai Indians
bd17b45f,STR Binny,594,758,22,204,90,99.0,7.6565656565656575,34.45454545454545,27.0,34.34343434343434,15.151515151515152,9.600000000000001,7.238095238095237,7.269230769230768,Rajasthan Royals
f3171936,BW Hilfenhaus,372,479,22,184,69,62.0,7.725806451612903,21.772727272727273,16.90909090909091,49.46236559139785,18.548387096774192,10.875,8.833333333333334,5.775,Chennai Super Kings
64d43928,Sohail Tanvir,247,266,22,130,34,41.1,6.461538461538462,12.090909090909092,11.227272727272727,52.63157894736842,13.765182186234817,6.58252427184466,4.0,5.681818181818182,Rajasthan Royals
465aa633,N Burger,363,585,21,160,87,60.3,9.669421487603305,27.857142857142858,17.285714285714285,44.0771349862259,23.96694214876033,7.333333333333334,10.0,9.11111111111111,Rajasthan Royals
90de905a,K Gowtham,588,808,21,216,105,98.0,8.244897959183673,38.476190476190474,28.0,36.734693877551024,17.857142857142858,12.5,7.469387755102041,8.466666666666667,Lucknow Super Giants
05c2ca46,RE van der Merwe,443,498,21,159,42,73.5,6.744920993227991,23.714285714285715,21.095238095238095,35.89164785553047,9.480812641083523,7.705263157894737,5.961538461538462,9.0,Delhi Capitals
93a17209,VY Mahesh,339,499,21,127,64,56.3,8.831858407079647,23.761904761904763,16.142857142857142,37.46312684365782,18.87905604719764,6.9523809523809526,7.575757575757575,10.76923076923077,Chennai Super Kings
b0946605,AS Joseph,434,691,21,172,96,72.2,9.55299539170507,32.904761904761905,20.666666666666668,39.63133640552996,22.119815668202765,9.0,9.121212121212121,9.722222222222223,Royal Challengers Bengaluru
2cdce1be,C Sakariya,444,638,20,154,75,74.0,8.621621621621621,31.9,22.2,34.68468468468468,16.89189189189189,9.904761904761905,8.450000000000001,6.515151515151516,Kolkata Knight Riders
7d92277a,Mujeeb Ur Rahman,446,620,20,156,68,74.2,8.340807174887892,31.0,22.3,34.97757847533632,15.246636771300448,11.416666666666666,7.3589743589743595,6.985714285714286,Mumbai Indians
bd77eb62,A Symonds,527,674,20,206,77,87.5,7.673624288425048,33.7,26.35,39.08918406072106,14.61100569259962,10.337349397590362,7.490909090909091,5.315789473684211,Mumbai Indians
64775749,RP Meredith,388,612,19,156,87,64.4,9.463917525773196,32.21052631578947,20.42105263157895,40.20618556701031,22.422680412371136,10.015384615384615,7.92,8.166666666666668,Mumbai Indians
9eb1455b,NT Ellis,378,546,19,124,66,63.0,8.666666666666666,28.736842105263158,19.894736842105264,32.804232804232804,17.46031746031746,10.478260869565217,7.217391304347826,7.0,Chennai Super Kings
dfc4d8b5,KW Richardson,335,472,19,136,63,55.5,8.453731343283582,24.842105263157894,17.63157894736842,40.59701492537313,18.80597014925373,10.460176991150442,8.333333333333332,6.642857142857143,Royal Challengers Bengaluru
80b2fb19,Prince Yadav,449,684,19,163,93,74.5,9.14031180400891,36.0,23.63157894736842,36.30289532293987,20.71269487750557,10.554744525547445,7.827586206896552,8.26086956521739,Lucknow Super Giants
13fc5c6d,DS Rathi,546,826,19,154,101,91.0,9.076923076923077,43.473684210526315,28.736842105263158,28.205128205128204,18.4981684981685,10.071428571428571,8.555555555555555,8.82608695652174,Lucknow Super Giants
3edb58fc,AD Mascarenhas,308,356,19,130,42,51.2,6.935064935064935,18.736842105263158,16.210526315789473,42.2077922077922,13.636363636363635,9.461538461538462,5.684210526315789,7.285714285714285,Punjab Kings
4933f499,JP Behrendorff,366,552,19,146,81,61.0,9.049180327868852,29.05263157894737,19.263157894736842,39.89071038251366,22.131147540983605,11.799999999999999,8.545454545454547,8.075000000000001,Mumbai Indians
4125d931,J Suchith,420,602,19,142,73,70.0,8.6,31.68421052631579,22.105263157894736,33.80952380952381,17.38095238095238,13.5,8.178571428571429,8.333333333333332,Sunrisers Hyderabad
12314277,Arshad Khan,376,693,18,144,111,62.4,11.058510638297872,38.5,20.88888888888889,38.297872340425535,29.521276595744684,12.191489361702128,9.9375,9.709677419354838,Gujarat Titans
db584dad,CH Gayle,554,729,18,196,76,92.2,7.8953068592057765,40.5,30.77777777777778,35.37906137184115,13.718411552346572,8.25,6.893617021276596,7.25,Punjab Kings
e0407c01,IC Pandey,462,591,18,223,93,77.0,7.675324675324676,32.833333333333336,25.666666666666668,48.268398268398265,20.12987012987013,10.5,8.222222222222223,6.704545454545455,Chennai Super Kings
bcce309e,WPUJC Vaas,282,355,18,134,53,47.0,7.553191489361703,19.72222222222222,15.666666666666666,47.5177304964539,18.79432624113475,11.125,8.833333333333334,6.090909090909091,Deccan Chargers
69be866a,Anureet Singh,412,623,18,152,86,68.4,9.072815533980583,34.611111111111114,22.88888888888889,36.89320388349515,20.87378640776699,10.707692307692309,8.7,6.925925925925926,Rajasthan Royals
d8b2f218,BB Sran,483,757,18,175,101,80.3,9.403726708074535,42.05555555555556,26.833333333333332,36.231884057971016,20.910973084886127,8.758620689655173,9.178571428571427,8.68421052631579,Mumbai Indians
1c2a64cd,A Ashish Reddy,262,396,18,83,46,43.4,9.068702290076336,22.0,14.555555555555555,31.679389312977097,17.557251908396946,9.623762376237625,7.819354838709677,20.0,Sunrisers Hyderabad
c18496e1,Bipul Sharma,426,572,17,139,59,71.0,8.056338028169014,33.64705882352941,25.058823529411764,32.629107981220656,13.849765258215962,14.470588235294116,7.547169811320755,6.081081081081082,Sunrisers Hyderabad
c5aef772,R Shepherd,360,706,17,105,101,60.0,11.766666666666666,41.529411764705884,21.176470588235293,29.166666666666668,28.055555555555557,13.07142857142857,11.023809523809524,9.0,Royal Challengers Bengaluru
d45c29b1,Ashwani Kumar,183,334,17,59,51,30.3,10.950819672131148,19.647058823529413,10.764705882352942,32.240437158469945,27.86885245901639,13.866666666666665,8.882352941176471,11.0,Mumbai Indians
342d8ade,CRD Fernando,234,298,17,107,39,39.0,7.6410256410256405,17.529411764705884,13.764705882352942,45.72649572649573,16.666666666666664,8.571428571428571,6.083333333333333,6.384615384615385,Mumbai Indians
b57f8a9a,BJ Hodge,234,303,17,79,31,39.0,7.76923076923077,17.823529411764707,13.764705882352942,33.76068376068376,13.247863247863249,7.666666666666666,7.366666666666667,8.333333333333332,Rajasthan Royals
68c56d09,KA Jamieson,300,506,16,115,77,50.0,10.120000000000001,31.625,18.75,38.333333333333336,25.666666666666664,12.7,8.0,9.225806451612904,Delhi Capitals
aa8d28ae,D Wiese,296,440,16,86,58,49.2,8.91891891891892,27.5,18.5,29.054054054054053,19.594594594594593,9.870967741935484,9.037037037037038,6.75,Kolkata Knight Riders
4353bba5,YA Abdulla,209,307,15,92,44,34.5,8.813397129186603,20.466666666666665,13.933333333333334,44.01913875598086,21.052631578947366,11.084745762711865,7.545454545454545,7.0,Punjab Kings
8f6dd463,Azmatullah Omarzai,354,568,15,126,83,59.0,9.627118644067798,37.86666666666667,23.6,35.59322033898305,23.44632768361582,10.545454545454545,8.1875,9.5,Punjab Kings
62af8546,Mohammad Nabi,417,517,15,153,59,69.3,7.438848920863309,34.46666666666667,27.8,36.69064748201439,14.148681055155876,10.0,8.052631578947368,6.178571428571428,Mumbai Indians
e4cdf230,AS Roy,323,479,15,109,59,53.5,8.897832817337461,31.933333333333334,21.533333333333335,33.746130030959755,18.26625386996904,8.742857142857142,7.551724137931034,9.473684210526315,Kolkata Knight Riders
740742ef,RG Sharma,339,453,15,94,43,56.3,8.017699115044248,30.2,22.6,27.728613569321535,12.684365781710916,8.571428571428571,7.625,7.5600000000000005,Mumbai Indians
9ca68676,AM Ghazanfar,233,389,15,70,53,38.5,10.017167381974248,25.933333333333334,15.533333333333333,30.042918454935624,22.746781115879827,12.514285714285716,8.82608695652174,10.700000000000001,Mumbai Indians
280fff14,Sakib Hussain,252,397,15,87,49,42.0,9.452380952380953,26.466666666666665,16.8,34.523809523809526,19.444444444444446,8.307692307692307,8.68421052631579,9.4,Sunrisers Hyderabad
b1451597,LR Shukla,314,447,15,117,55,52.2,8.54140127388535,29.8,20.933333333333334,37.261146496815286,17.51592356687898,8.615384615384615,7.6,11.307692307692307,Delhi Capitals
3204c99f,G Coetzee,273,472,15,102,67,45.3,10.373626373626374,31.466666666666665,18.2,37.362637362637365,24.54212454212454,10.0,9.555555555555555,9.818181818181818,Gujarat Titans
59559bc2,J Overton,204,332,14,70,41,34.0,9.764705882352942,23.714285714285715,14.571428571428571,34.31372549019608,20.098039215686274,9.727272727272727,7.833333333333334,14.2,Chennai Super Kings
b552a935,AC Thomas,315,406,14,133,52,52.3,7.733333333333334,29.0,22.5,42.22222222222222,16.507936507936506,10.0,5.5,6.166666666666666,Pune Warriors
ece7b6b3,PP Hinge,156,305,14,62,49,26.0,11.73076923076923,21.785714285714285,11.142857142857142,39.743589743589745,31.41025641025641,10.11111111111111,12.333333333333332,11.09090909090909,Sunrisers Hyderabad
caf69bf7,DR Sams,360,523,14,144,66,60.0,8.716666666666667,37.357142857142854,25.714285714285715,40.0,18.333333333333332,13.18181818181818,7.631578947368421,6.566666666666667,Mumbai Indians
2049f3a0,SJ Srivastava,282,441,14,106,63,47.0,9.382978723404255,31.5,20.142857142857142,37.5886524822695,22.340425531914892,9.11111111111111,8.5,8.681818181818182,Punjab Kings
2498e163,JR Hopes,360,548,14,119,72,60.0,9.133333333333333,39.142857142857146,25.714285714285715,33.05555555555556,20.0,11.5,7.871794871794872,8.333333333333332,Delhi Capitals
133bbd61,Brijesh Sharma,273,450,14,86,63,45.3,9.89010989010989,32.142857142857146,19.5,31.5018315018315,23.076923076923077,9.548387096774192,8.222222222222223,10.25,Rajasthan Royals
d68e7f48,R Rampaul,262,298,14,134,37,43.4,6.824427480916031,21.285714285714285,18.714285714285715,51.14503816793893,14.122137404580155,11.307692307692307,4.888888888888888,5.576923076923077,Royal Challengers Bengaluru
2e78f685,KR Sen,241,387,14,89,55,40.1,9.634854771784234,27.642857142857142,17.214285714285715,36.92946058091287,22.821576763485478,12.59016393442623,7.695652173913043,8.428571428571427,Rajasthan Royals
b410bd3d,S Lamichhane,210,292,13,77,38,35.0,8.342857142857142,22.46153846153846,16.153846153846153,36.666666666666664,18.095238095238095,10.2,7.777777777777778,8.333333333333332,Delhi Capitals
e342e5fb,CR Brathwaite,254,379,13,78,49,42.2,8.952755905511811,29.153846153846153,19.53846153846154,30.708661417322837,19.291338582677163,9.964285714285715,8.206896551724139,7.5,Kolkata Knight Riders
e86754b2,TK Curran,238,430,13,59,56,39.4,10.840336134453782,33.07692307692308,18.307692307692307,24.789915966386555,23.52941176470588,12.054054054054053,8.964705882352941,9.0,Delhi Capitals
25228673,Harsh Dubey,192,326,13,56,42,32.0,10.1875,25.076923076923077,14.76923076923077,29.166666666666668,21.875,8.399999999999999,10.166666666666666,10.222222222222221,Sunrisers Hyderabad
172dff15,C Bosch,163,250,13,70,34,27.1,9.202453987730062,19.23076923076923,12.538461538461538,42.944785276073624,20.858895705521473,9.795918367346939,8.1875,10.0,Mumbai Indians
b483905d,Akash Singh,247,406,13,91,65,41.1,9.862348178137651,31.23076923076923,19.0,36.84210526315789,26.31578947368421,13.5,10.272727272727273,8.98224852071006,Lucknow Super Giants
aad0c365,Nithish Kumar Reddy,325,577,13,96,79,54.1,10.652307692307692,44.38461538461539,25.0,29.53846153846154,24.307692307692307,12.13953488372093,10.030303030303031,9.642857142857142,Sunrisers Hyderabad
327b58d3,PVD Chameera,396,648,13,157,97,66.0,9.818181818181818,49.84615384615385,30.46153846153846,39.64646464646464,24.494949494949495,11.058823529411764,8.2,8.911764705882353,Delhi Capitals
50c6bc2b,LS Livingstone,312,469,13,82,57,52.0,9.01923076923077,36.07692307692308,24.0,26.282051282051285,18.269230769230766,6.5,9.266666666666667,5.666666666666666,Sunrisers Hyderabad
d1c94b25,CK Langeveldt,156,187,13,75,25,26.0,7.192307692307692,14.384615384615385,12.0,48.07692307692308,16.025641025641026,7.625,6.75,6.428571428571429,Royal Challengers Bengaluru
f233bbb4,ST Jayasuriya,294,390,13,86,38,49.0,7.959183673469387,30.0,22.615384615384617,29.25170068027211,12.925170068027212,8.5,7.368421052631579,10.0,Mumbai Indians
5d096f3d,RR Powar,426,527,13,174,59,71.0,7.422535211267606,40.53846153846154,32.76923076923077,40.845070422535215,13.849765258215962,8.75,6.866666666666666,7.136363636363637,Punjab Kings
5ffc0565,V Nigam,288,469,13,88,58,48.0,9.770833333333334,36.07692307692308,22.153846153846153,30.555555555555557,20.13888888888889,5.666666666666666,10.06060606060606,8.88888888888889,Delhi Capitals
f6d8a7ab,K Kartikeya,282,407,12,90,48,47.0,8.659574468085106,33.916666666666664,23.5,31.914893617021278,17.02127659574468,11.75,7.9523809523809526,16.0,Rajasthan Royals
dc4686e6,BA Bhatt,296,397,12,98,48,49.2,8.047297297297298,33.083333333333336,24.666666666666668,33.108108108108105,16.216216216216218,8.952380952380953,7.839416058394161,7.1875,Punjab Kings
2af1b6d2,AN Ahmed,344,498,12,131,61,57.2,8.686046511627907,41.5,28.666666666666668,38.08139534883721,17.732558139534884,9.521739130434781,7.473684210526317,7.08695652173913,Royal Challengers Bengaluru
c654af19,R McLaren,354,542,12,128,79,59.0,9.186440677966102,45.166666666666664,29.5,36.15819209039548,22.316384180790962,9.642857142857142,8.7,8.16,Kolkata Knight Riders
034b4b7d,VRV Singh,360,542,12,121,73,60.0,9.033333333333333,45.166666666666664,30.0,33.611111111111114,20.27777777777778,8.222222222222223,8.379310344827587,10.0,Punjab Kings
16dfcc19,Umar Gul,135,184,12,59,21,22.3,8.177777777777777,15.333333333333334,11.25,43.7037037037037,15.555555555555555,10.133333333333333,6.111111111111112,4.666666666666667,Kolkata Knight Riders
1647bd37,Karanveer Singh,204,321,12,66,38,34.0,9.441176470588236,26.75,17.0,32.35294117647059,18.627450980392158,12.75,8.392857142857142,13.0,Punjab Kings
ee7d0c82,GD McGrath,324,357,12,162,51,54.0,6.611111111111111,29.75,27.0,50.0,15.74074074074074,8.923076923076923,7.0,5.594594594594595,Delhi Capitals
9f961c14,Joginder Sharma,256,419,12,73,51,42.4,9.8203125,34.916666666666664,21.333333333333332,28.515625,19.921875,11.653846153846153,8.166666666666668,9.0,Chennai Super Kings
24d94623,Ankit Sharma,367,450,12,139,46,61.1,7.356948228882834,37.5,30.583333333333332,37.87465940054496,12.534059945504087,11.040000000000001,7.272727272727273,6.25,Rajasthan Royals
88fccd6c,SM Pollock,276,301,11,132,39,46.0,6.5434782608695645,27.363636363636363,25.09090909090909,47.82608695652174,14.130434782608695,8.0,7.636363636363637,6.029411764705882,Mumbai Indians
9061a703,J Little,228,339,11,84,46,38.0,8.921052631578949,30.818181818181817,20.727272727272727,36.84210526315789,20.175438596491226,9.555555555555555,7.875,9.153846153846153,Gujarat Titans
7ca5e05d,RS Bopara,206,292,11,66,35,34.2,8.504854368932039,26.545454545454547,18.727272727272727,32.038834951456316,16.990291262135923,9.714285714285715,7.609756097560975,,Sunrisers Hyderabad
16043342,AB McDonald,186,261,11,52,31,31.0,8.419354838709678,23.727272727272727,16.90909090909091,27.956989247311824,16.666666666666664,10.2,7.631578947368421,9.0,Royal Challengers Bengaluru
245c97cb,TS Mills,209,343,11,75,51,34.5,9.84688995215311,31.181818181818183,19.0,35.88516746411483,24.401913875598087,9.784615384615385,10.833333333333334,7.666666666666666,Mumbai Indians
f752db61,JL Pattinson,213,320,11,78,44,35.3,9.014084507042252,29.09090909090909,19.363636363636363,36.61971830985916,20.657276995305164,9.076923076923077,9.0,8.470588235294118,Mumbai Indians
30df8c66,Simarjeet Singh,240,400,11,107,61,40.0,10.0,36.36363636363637,21.818181818181817,44.583333333333336,25.416666666666664,10.0,9.461538461538462,9.285714285714286,Sunrisers Hyderabad
e32d22f6,Pankaj Singh,300,468,11,115,69,50.0,9.36,42.54545454545455,27.272727272727273,38.333333333333336,23.0,13.125,9.294117647058824,7.5200000000000005,Rajasthan Royals
8abdf100,CJ Anderson,297,518,11,86,75,49.3,10.464646464646465,47.09090909090909,27.0,28.95622895622896,25.252525252525253,12.681818181818183,8.478260869565219,9.802816901408452,Royal Challengers Bengaluru
529eb9e0,OC McCoy,161,250,11,50,29,26.5,9.316770186335404,22.727272727272727,14.636363636363637,31.05590062111801,18.012422360248447,8.399999999999999,9.0,7.0,Rajasthan Royals
76388dc8,S Badree,258,319,11,114,42,43.0,7.4186046511627906,29.0,23.454545454545453,44.18604651162791,16.27906976744186,4.0,7.5,7.115384615384615,Royal Challengers Bengaluru
f29185a1,Abhishek Sharma,365,550,11,104,67,60.5,9.04109589041096,50.0,33.18181818181818,28.493150684931507,18.356164383561644,15.391304347826086,8.232558139534884,9.0,Sunrisers Hyderabad
c03c6200,DJG Sammy,236,350,11,75,45,39.2,8.898305084745763,31.818181818181817,21.454545454545453,31.779661016949152,19.06779661016949,12.36,7.518518518518519,8.25,Royal Challengers Bengaluru
99b202b3,A Chandila,234,242,11,105,27,39.0,6.205128205128206,22.0,21.272727272727273,44.871794871794876,11.538461538461538,6.0,7.071428571428571,5.708333333333333,Rajasthan Royals
8d92a2c3,MA Wood,120,179,11,54,25,20.0,8.95,16.272727272727273,10.909090909090908,45.0,20.833333333333336,11.88888888888889,4.571428571428571,8.25,Lucknow Super Giants
fb2d1dda,N Rana,216,325,10,66,44,36.0,9.027777777777777,32.5,21.6,30.555555555555557,20.37037037037037,6.782608695652174,8.846153846153847,10.054054054054054,Delhi Capitals
ad427b5c,Lalit Yadav,288,425,10,86,49,48.0,8.854166666666666,42.5,28.8,29.86111111111111,17.01388888888889,9.0,8.071428571428573,9.4375,Delhi Capitals
9caf69a1,WG Jacks,191,314,10,63,42,31.5,9.863874345549739,31.4,19.1,32.98429319371728,21.98952879581152,8.727272727272727,8.7,10.8,Mumbai Indians
0a67aec0,Akash Deep,278,548,10,92,80,46.2,11.827338129496402,54.8,27.8,33.093525179856115,28.776978417266186,15.0,10.94736842105263,9.75,Lucknow Super Giants
b2a79f17,B Laughlin,168,282,10,44,36,28.0,10.071428571428571,28.2,16.8,26.190476190476193,21.428571428571427,11.23943661971831,7.77049180327869,9.666666666666668,Rajasthan Royals
d718440b,V Pratap Singh,204,296,10,75,41,34.0,8.705882352941176,29.6,20.4,36.76470588235294,20.098039215686274,10.0,7.909090909090908,8.25,Deccan Chargers
2e11c706,BCJ Cutting,281,429,10,78,59,46.5,9.160142348754448,42.9,28.1,27.75800711743772,20.99644128113879,11.368421052631579,7.803680981595092,9.428571428571429,Mumbai Indians
73ad96ed,DJ Hooda,379,546,10,106,63,63.1,8.643799472295516,54.6,37.9,27.96833773087071,16.62269129287599,13.25581395348837,7.795454545454546,7.833333333333334,Chennai Super Kings
725529bc,SC Ganguly,276,363,10,82,39,46.0,7.891304347826088,36.3,27.6,29.71014492753623,14.130434782608695,16.0,7.195121951219512,10.333333333333334,Pune Warriors
dadbdb68,JA Duffy,144,263,9,57,40,24.0,10.958333333333332,29.22222222222222,16.0,39.58333333333333,27.77777777777778,15.5,7.555555555555555,11.384615384615383,Royal Challengers Bengaluru
ef5da05c,AG Murtaza,264,313,9,106,36,44.0,7.113636363636363,34.77777777777778,29.333333333333332,40.15151515151515,13.636363636363635,11.25,7.703703703703703,3.9230769230769234,Pune Warriors
dec8e038,J Theron,216,293,9,73,35,36.0,8.13888888888889,32.55555555555556,24.0,33.7962962962963,16.203703703703702,7.882352941176471,5.777777777777778,8.7,Rajasthan Royals
cf0ccafa,M Siddharth,186,283,9,60,34,31.0,9.129032258064516,31.444444444444443,20.666666666666668,32.25806451612903,18.27956989247312,10.5,9.533333333333333,7.0,Lucknow Super Giants
b1ad996b,MP Yadav,217,367,9,96,55,36.1,10.147465437788018,40.77777777777778,24.11111111111111,44.23963133640553,25.34562211981567,8.756756756756756,9.952380952380953,10.0,Lucknow Super Giants
4f629497,SE Bond,186,224,9,76,30,31.0,7.225806451612904,24.88888888888889,20.666666666666668,40.86021505376344,16.129032258064516,9.333333333333334,6.0,6.133333333333333,Kolkata Knight Riders
ee1b6c27,N Thushara,180,283,9,61,38,30.0,9.433333333333334,31.444444444444443,20.0,33.88888888888889,21.11111111111111,8.636363636363637,10.333333333333334,8.375,Royal Challengers Bengaluru
d92e42f5,KP Appanna,216,286,9,70,31,36.0,7.944444444444445,31.77777777777778,24.0,32.407407407407405,14.351851851851851,12.0,7.387096774193548,8.333333333333332,Royal Challengers Bengaluru
f846de6a,MN Samuels,214,284,9,80,35,35.4,7.962616822429906,31.555555555555557,23.77777777777778,37.38317757009346,16.355140186915886,9.923076923076923,8.071428571428573,6.076923076923077,Delhi Capitals
04a418e8,R Parag,319,515,9,71,57,53.1,9.68652037617555,57.22222222222222,35.44444444444444,22.25705329153605,17.86833855799373,13.384615384615385,9.244897959183675,8.0,Rajasthan Royals
4c4fa80b,SMSM Senanayake,192,209,9,75,22,32.0,6.53125,23.22222222222222,21.333333333333332,39.0625,11.458333333333332,8.25,9.428571428571429,5.095238095238095,Kolkata Knight Riders
02dfebbe,Yash Raj Punja,180,279,9,49,32,30.0,9.3,31.0,20.0,27.22222222222222,17.77777777777778,6.333333333333334,9.307692307692308,12.0,Rajasthan Royals
75224f22,KMA Paul,163,237,9,54,24,27.1,8.723926380368098,26.333333333333332,18.11111111111111,33.12883435582822,14.723926380368098,8.081632653061224,7.055555555555555,9.0,Delhi Capitals
3eac9d95,JDP Oram,237,349,9,86,47,39.3,8.835443037974684,38.77777777777778,26.333333333333332,36.28691983122363,19.831223628691983,7.4399999999999995,8.555555555555555,9.222222222222221,Mumbai Indians
641ac5ff,IS Sodhi,181,202,9,66,17,30.1,6.696132596685083,22.444444444444443,20.11111111111111,36.46408839779006,9.392265193370166,6.857142857142857,6.518518518518518,8.5,Rajasthan Royals
b56dc5f7,BE Hendricks,150,235,9,55,31,25.0,9.4,26.11111111111111,16.666666666666668,36.666666666666664,20.666666666666668,8.444444444444445,7.833333333333334,10.0,Punjab Kings
7b44eb3e,Shivang Kumar,234,375,9,63,49,39.0,9.615384615384617,41.666666666666664,26.0,26.923076923076923,20.94017094017094,11.5,9.0,22.0,Sunrisers Hyderabad
0994d0ae,V Shankar,238,344,9,80,40,39.4,8.672268907563025,38.22222222222222,26.444444444444443,33.61344537815126,16.80672268907563,7.866666666666667,8.14054054054054,3.75,Chennai Super Kings
6ef60d3a,Kamran Khan,160,224,9,70,32,26.4,8.399999999999999,24.88888888888889,17.77777777777778,43.75,20.0,8.823529411764707,6.5,8.538461538461538,Pune Warriors
0c432afb,P Parameswaran,154,224,9,66,32,25.4,8.727272727272727,24.88888888888889,17.11111111111111,42.857142857142854,20.77922077922078,9.230769230769232,7.215189873417721,9.666666666666668,Royal Challengers Bengaluru
cf73ad76,JEC Franklin,151,220,9,41,27,25.1,8.741721854304636,24.444444444444443,16.77777777777778,27.1523178807947,17.880794701986755,10.5,8.139130434782608,8.0,Mumbai Indians
0dc00542,Shahid Afridi,180,225,9,65,26,30.0,7.5,25.0,20.0,36.11111111111111,14.444444444444443,9.333333333333334,6.950000000000001,6.25,Deccan Chargers
a45a5e8d,AM Nayar,229,322,9,70,35,38.1,8.436681222707424,35.77777777777778,25.444444444444443,30.567685589519648,15.283842794759824,9.0,8.073732718894009,10.0,Rajasthan Royals
4d7f517e,AJ Hosein,172,238,9,64,31,28.4,8.30232558139535,26.444444444444443,19.11111111111111,37.2093023255814,18.023255813953487,7.800000000000001,7.76923076923077,8.571428571428571,Chennai Super Kings
fd835ab3,DJ Hussey,317,474,8,92,55,52.5,8.971608832807572,59.25,39.625,29.02208201892745,17.350157728706623,12.452830188679245,7.921052631578947,9.333333333333334,Chennai Super Kings
ea0cdc12,BAW Mendis,240,285,8,79,26,40.0,7.125,35.625,30.0,32.916666666666664,10.833333333333334,8.666666666666666,6.863636363636364,5.333333333333333,Pune Warriors
4885bbe6,Yudhvir Singh,138,253,8,56,41,23.0,11.0,31.625,17.25,40.57971014492754,29.71014492753623,12.0,11.666666666666666,9.714285714285715,Rajasthan Royals
c64c2443,J Syed Mohammad,192,283,8,50,30,32.0,8.84375,35.375,24.0,26.041666666666668,15.625,11.0,8.923076923076923,4.666666666666667,Royal Challengers Bengaluru
d2340a43,Anand Rajan,149,201,8,62,25,24.5,8.093959731543624,25.125,18.625,41.61073825503356,16.778523489932887,11.121951219512196,6.2727272727272725,6.142857142857142,Sunrisers Hyderabad
29d72eb2,AA Chavan,248,326,8,110,44,41.2,7.887096774193548,40.75,31.0,44.354838709677416,17.741935483870968,13.714285714285714,9.066666666666666,6.25,Rajasthan Royals
81049310,J Yadav,390,445,8,155,46,65.0,6.846153846153846,55.625,48.75,39.743589743589745,11.794871794871794,7.0,6.114285714285714,7.444444444444445,Gujarat Titans
57efa3be,SB Styris,216,276,8,85,33,36.0,7.666666666666666,34.5,27.0,39.351851851851855,15.277777777777779,10.272727272727273,6.388888888888889,6.0,Chennai Super Kings
edb3d4f8,KC Cariappa,216,348,8,62,41,36.0,9.666666666666668,43.5,27.0,28.703703703703702,18.98148148148148,7.333333333333334,9.185185185185185,10.666666666666666,Kolkata Knight Riders
ac5ae4af,I Udana,174,282,8,49,37,29.0,9.724137931034482,35.25,21.75,28.160919540229884,21.26436781609195,8.9,8.5,11.11111111111111,Royal Challengers Bengaluru
b2ae53f5,T Thushara,135,161,8,60,18,22.3,7.155555555555556,20.125,16.875,44.44444444444444,13.333333333333334,9.733333333333334,4.0,5.4,Chennai Super Kings
cdc6bdba,S Sandeep Warrier,168,253,8,75,38,28.0,9.035714285714285,31.625,21.0,44.642857142857146,22.61904761904762,,8.6,8.521739130434783,Gujarat Titans
9219eff0,JDS Neesham,216,334,8,68,46,36.0,9.277777777777779,41.75,27.0,31.48148148148148,21.296296296296298,20.0,8.071428571428573,10.333333333333334,Rajasthan Royals
e03b66ec,Mohammad Asif,192,296,8,71,45,32.0,9.25,37.0,24.0,36.97916666666667,23.4375,9.7,7.142857142857142,9.4,Delhi Capitals
91ffa6c6,JD Ryder,236,303,8,84,34,39.2,7.703389830508474,37.875,29.5,35.59322033898305,14.40677966101695,12.692307692307693,6.911764705882352,7.0,Pune Warriors
3b53243a,XC Bartlett,261,484,7,84,75,43.3,11.126436781609197,69.14285714285714,37.285714285714285,32.18390804597701,28.735632183908045,10.225352112676056,11.666666666666666,10.852941176470589,Punjab Kings
66cf56a5,A Mithun,288,472,7,95,61,48.0,9.833333333333332,67.42857142857143,41.142857142857146,32.98611111111111,21.180555555555554,11.307692307692307,8.166666666666668,8.363636363636363,Royal Challengers Bengaluru
39f01cdb,KP Pietersen,174,215,7,57,19,29.0,7.413793103448276,30.714285714285715,24.857142857142858,32.758620689655174,10.919540229885058,9.75,6.90909090909091,4.666666666666667,Rising Pune Supergiant
e412cb64,HF Gurney,162,238,7,51,30,27.0,8.814814814814815,34.0,23.142857142857142,31.48148148148148,18.51851851851852,11.88888888888889,8.714285714285714,5.636363636363637,Kolkata Knight Riders
25eeb281,PC Valthaty,151,205,7,46,22,25.1,8.14569536423841,29.285714285714285,21.571428571428573,30.4635761589404,14.56953642384106,9.157894736842106,7.727272727272727,,Punjab Kings
983f2f61,Swapnil Singh,162,241,7,39,26,27.0,8.925925925925926,34.42857142857143,23.142857142857142,24.074074074074073,16.049382716049383,,8.850000000000001,8.571428571428571,Royal Challengers Bengaluru
be24ead0,Ramandeep Singh,56,94,7,14,10,9.2,10.071428571428571,13.428571428571429,8.0,25.0,17.857142857142858,9.375,8.5,,Kolkata Knight Riders
83c3e8e3,SH Johnson,230,396,7,89,63,38.2,10.330434782608696,56.57142857142857,32.857142857142854,38.69565217391304,27.391304347826086,9.0,10.666666666666666,9.857142857142858,Chennai Super Kings
6ad3a659,P Amarnath,132,236,7,34,36,22.0,10.727272727272727,33.714285714285715,18.857142857142858,25.757575757575758,27.27272727272727,13.0,10.277777777777779,12.0,Chennai Super Kings
350bb1b1,AF Milne,227,368,7,80,52,37.5,9.726872246696034,52.57142857142857,32.42857142857143,35.24229074889868,22.90748898678414,9.692307692307693,9.0,9.222222222222221,Rajasthan Royals
798cc28e,KM Asif,133,231,7,46,30,22.1,10.421052631578949,33.0,19.0,34.58646616541353,22.55639097744361,14.879999999999999,8.0,9.714285714285715,Rajasthan Royals
6834d1f2,B Stanlake,144,200,7,64,28,24.0,8.333333333333332,28.571428571428573,20.571428571428573,44.44444444444444,19.444444444444446,11.0,8.555555555555555,7.571428571428571,Sunrisers Hyderabad
260fd380,AM Salvi,150,200,7,61,25,25.0,8.0,28.571428571428573,21.428571428571427,40.666666666666664,16.666666666666664,9.0,7.666666666666666,6.90909090909091,Delhi Capitals
20a941bb,M Ntini,210,242,7,108,37,35.0,6.914285714285714,34.57142857142857,30.0,51.42857142857142,17.61904761904762,8.333333333333332,7.333333333333334,6.346153846153847,Chennai Super Kings
a316d663,GC Viljoen,138,222,7,47,31,23.0,9.652173913043478,31.714285714285715,19.714285714285715,34.05797101449276,22.463768115942027,12.571428571428573,6.8,9.0,Punjab Kings
5f26df4f,VS Malik,205,261,6,88,36,34.1,7.639024390243902,43.5,34.166666666666664,42.926829268292686,17.560975609756095,10.285714285714285,7.583333333333333,7.142857142857142,Rajasthan Royals
50c09020,Ashok Sharma,126,228,6,53,35,21.0,10.857142857142858,38.0,21.0,42.06349206349206,27.77777777777778,10.875,7.888888888888889,14.75,Gujarat Titans
4180d897,JE Taylor,117,157,6,54,19,19.3,8.051282051282051,26.166666666666668,19.5,46.15384615384615,16.23931623931624,10.0,6.333333333333334,6.0,Pune Warriors
aaa1b522,TL Suman,150,197,6,44,18,25.0,7.879999999999999,32.833333333333336,25.0,29.333333333333332,12.0,11.5,7.15,5.0,Pune Warriors
cd8d2859,DG Nalkande,84,148,6,24,18,14.0,10.571428571428571,24.666666666666668,14.0,28.57142857142857,21.428571428571427,9.333333333333334,10.444444444444445,10.5,Gujarat Titans
fe763256,Y Venugopal Rao,216,337,6,60,43,36.0,9.36111111111111,56.166666666666664,36.0,27.77777777777778,19.90740740740741,13.25,8.36,9.571428571428573,Sunrisers Hyderabad
e38bce7a,MG Bracewell,66,95,6,26,13,11.0,8.636363636363637,15.833333333333334,11.0,39.39393939393939,19.696969696969695,,9.11111111111111,6.5,Royal Challengers Bengaluru
1da489ff,S Kaushik,204,297,6,72,39,34.0,8.735294117647058,49.5,34.0,35.294117647058826,19.11764705882353,14.25,7.333333333333334,12.0,Gujarat Lions
8ba8195d,V Sehwag,136,235,6,45,34,22.4,10.367647058823529,39.166666666666664,22.666666666666668,33.088235294117645,25.0,13.636363636363637,8.117647058823529,20.5,Punjab Kings
c24a2c5d,S Tyagi,209,295,6,99,46,34.5,8.4688995215311,49.166666666666664,34.833333333333336,47.368421052631575,22.00956937799043,16.363636363636363,7.0,7.7857142857142865,Chennai Super Kings
fa2f1dde,K Khejroliya,151,277,6,43,36,25.1,11.006622516556291,46.166666666666664,25.166666666666668,28.47682119205298,23.841059602649008,12.0,8.933333333333334,12.400000000000002,Gujarat Titans
94d7f855,C de Grandhomme,216,319,6,62,34,36.0,8.86111111111111,53.166666666666664,36.0,28.703703703703702,15.74074074074074,12.42857142857143,8.052631578947368,5.5,Royal Challengers Bengaluru
11614d87,D Pretorius,150,238,6,46,25,25.0,9.52,39.666666666666664,25.0,30.666666666666664,16.666666666666664,11.416666666666666,6.538461538461538,,Chennai Super Kings
e9c7f0d0,Fazalhaq Farooqi,254,437,6,83,67,42.2,10.322834645669293,72.83333333333333,42.333333333333336,32.677165354330704,26.37795275590551,14.52,9.5,8.636363636363637,Rajasthan Royals
cb9b8664,W O'Rourke,62,132,6,15,22,10.2,12.774193548387096,22.0,10.333333333333334,24.193548387096776,35.483870967741936,12.857142857142858,12.0,12.75,Lucknow Super Giants
36619795,Zeeshan Ansari,203,333,6,48,41,33.5,9.842364532019705,55.5,33.833333333333336,23.645320197044335,20.19704433497537,12.521739130434781,9.3,,Sunrisers Hyderabad
6a26221c,AK Markram,223,357,6,56,41,37.1,9.605381165919283,59.5,37.166666666666664,25.112107623318387,18.385650224215247,12.923076923076923,9.464285714285714,8.142857142857142,Lucknow Super Giants
af7dadf7,B Akhil,188,242,6,64,27,31.2,7.723404255319148,40.333333333333336,31.333333333333332,34.04255319148936,14.361702127659576,10.8,6.045454545454545,12.0,Kochi Tuskers Kerala
d7b3a420,Jaskaran Singh,102,171,6,42,26,17.0,10.058823529411764,28.5,17.0,41.17647058823529,25.49019607843137,13.4,8.799999999999999,6.428571428571429,Deccan Chargers
1e030637,V Puthur,72,109,6,24,13,12.0,9.083333333333332,18.166666666666668,12.0,33.33333333333333,18.055555555555554,11.5,8.5,,Mumbai Indians
f5f18a18,S Randiv,174,223,6,60,25,29.0,7.689655172413793,37.166666666666664,29.0,34.48275862068966,14.367816091954023,9.0,7.125,9.5,Chennai Super Kings
23cca426,OF Smith,90,178,6,36,28,15.0,11.866666666666667,29.666666666666668,15.0,40.0,31.11111111111111,14.333333333333332,12.0,7.0,Punjab Kings
a1d053dd,SS Cottrell,120,176,6,59,27,20.0,8.799999999999999,29.333333333333332,20.0,49.166666666666664,22.5,15.666666666666668,6.0,6.857142857142857,Punjab Kings
a4e37e47,S Dube,154,277,6,33,36,25.4,10.792207792207792,46.166666666666664,25.666666666666668,21.428571428571427,23.376623376623375,10.95,10.105263157894736,,Chennai Super Kings
7f048519,DJ Willey,216,272,6,84,36,36.0,7.555555555555555,45.333333333333336,36.0,38.88888888888889,16.666666666666664,9.833333333333332,8.142857142857142,6.565217391304348,Royal Challengers Bengaluru
5f4e9e8f,RR Raje,139,209,6,41,27,23.1,9.021582733812949,34.833333333333336,23.166666666666668,29.496402877697843,19.424460431654676,10.054054054054054,8.0625,8.0,Mumbai Indians
8db7f47f,RJW Topley,120,222,5,44,36,20.0,11.100000000000001,44.4,24.0,36.666666666666664,30.0,13.6,11.799999999999999,9.0,Mumbai Indians
fb693839,S Ladda,138,224,5,49,29,23.0,9.73913043478261,44.8,27.6,35.507246376811594,21.014492753623188,12.0,8.642857142857142,9.0,Gujarat Lions
dddca1d6,SB Wagh,102,137,5,50,23,17.0,8.058823529411764,27.4,20.4,49.01960784313725,22.54901960784314,11.5,,7.199999999999999,Pune Warriors
10a91f35,Shoaib Akhtar,42,54,5,23,8,7.0,7.714285714285715,10.8,8.4,54.761904761904766,19.047619047619047,,,7.142857142857142,Kolkata Knight Riders
dbc50253,AP Dole,66,112,5,21,15,11.0,10.181818181818182,22.4,13.2,31.818181818181817,22.727272727272727,10.5,6.75,11.399999999999999,Rajasthan Royals
de4b0555,R Shukla,120,208,5,44,30,20.0,10.4,41.6,24.0,36.666666666666664,25.0,13.0,9.833333333333332,8.11111111111111,Delhi Capitals
18e6906e,A Choudhary,101,144,5,42,19,16.5,8.554455445544555,28.8,20.2,41.584158415841586,18.81188118811881,9.25,8.048780487804878,7.5,Royal Challengers Bengaluru
b2570b38,RV Gomez,96,129,5,38,17,16.0,8.0625,25.8,19.2,39.58333333333333,17.708333333333336,12.5,7.357142857142858,,Pune Warriors
0c9652b0,HR Shokeen,204,314,5,82,40,34.0,9.23529411764706,62.8,40.8,40.19607843137255,19.607843137254903,24.0,8.708333333333332,7.333333333333334,Mumbai Indians
b4f5c2d9,KL Nagarkoti,180,285,5,52,35,30.0,9.5,57.0,36.0,28.888888888888886,19.444444444444446,11.399999999999999,8.95,8.799999999999999,Delhi Capitals
287686fd,S Narwal,106,202,5,38,30,17.4,11.433962264150944,40.4,21.2,35.84905660377358,28.30188679245283,19.666666666666664,9.272727272727273,9.272727272727273,Kolkata Knight Riders
a7c226e1,FH Edwards,140,154,5,75,21,23.2,6.6000000000000005,30.8,28.0,53.57142857142857,15.0,8.64,7.0,4.153846153846153,Deccan Chargers
6eb146d2,Gurkeerat Singh,78,97,5,26,9,13.0,7.461538461538462,19.4,15.6,33.33333333333333,11.538461538461538,,6.727272727272727,9.5,Royal Challengers Bengaluru
11061889,SR Dubey,77,106,5,41,15,12.5,8.25974025974026,21.2,15.4,53.246753246753244,19.480519480519483,9.84,,5.884615384615384,Kolkata Knight Riders
d4eef961,M de Lange,108,169,5,41,25,18.0,9.38888888888889,33.8,21.6,37.96296296296296,23.14814814814815,11.399999999999999,9.0,7.199999999999999,Mumbai Indians
469ea22b,KMDN Kulasekara,102,120,5,47,16,17.0,7.0588235294117645,24.0,20.4,46.07843137254902,15.686274509803921,6.0,8.0,7.0,Chennai Super Kings
26989d80,Shashank Singh,90,140,5,22,17,15.0,9.333333333333334,28.0,18.0,24.444444444444443,18.88888888888889,14.333333333333332,7.833333333333334,,Punjab Kings
8a668774,Shoaib Ahmed,102,152,5,35,21,17.0,8.941176470588236,30.4,20.4,34.31372549019608,20.588235294117645,14.0,6.545454545454545,12.333333333333332,Deccan Chargers
5bdcdb72,TM Dilshan,271,366,5,81,42,45.1,8.103321033210332,73.2,54.2,29.88929889298893,15.498154981549817,7.4399999999999995,7.9411764705882355,8.571428571428571,Royal Challengers Bengaluru
c6097d68,O Thomas,60,79,5,22,10,10.0,7.9,15.8,12.0,36.666666666666664,16.666666666666664,7.5,4.0,8.666666666666666,Rajasthan Royals
a386e91b,PD Collingwood,89,101,5,24,7,14.5,6.808988764044944,20.2,17.8,26.96629213483146,7.865168539325842,5.478260869565217,7.181818181818182,,Delhi Capitals
3dba85c2,WA Mota,72,97,4,25,9,12.0,8.083333333333334,24.25,18.0,34.72222222222222,12.5,11.25,6.0,,Punjab Kings
0604ef16,SB Bangar,150,219,4,57,31,25.0,8.76,54.75,37.5,38.0,20.666666666666668,14.0,8.0,4.0,Kolkata Knight Riders
ba607b88,V Kohli,251,368,4,55,35,41.5,8.796812749003983,92.0,62.75,21.91235059760956,13.94422310756972,12.461538461538463,7.813333333333333,,Royal Challengers Bengaluru
acd4f5dc,DP Vijaykumar,152,199,4,69,28,25.2,7.855263157894736,49.75,38.0,45.39473684210527,18.421052631578945,10.384615384615385,5.75,7.1764705882352935,Deccan Chargers
0a476045,S Dhawan,48,66,4,20,10,8.0,8.25,16.5,12.0,41.66666666666667,20.833333333333336,,7.800000000000001,8.666666666666666,Punjab Kings
2c76b512,DJ Muthuswami,84,101,4,47,17,14.0,7.2142857142857135,25.25,21.0,55.952380952380956,20.238095238095237,1.0,8.0,7.666666666666666,Delhi Capitals
872b03f7,A Badoni,41,63,4,9,6,6.5,9.21951219512195,15.75,10.25,21.951219512195124,14.634146341463413,7.125,11.0,0.0,Lucknow Super Giants
9170ff49,Parvez Rasool,198,271,4,62,33,33.0,8.212121212121213,67.75,49.5,31.313131313131315,16.666666666666664,,7.636363636363637,9.09090909090909,Royal Challengers Bengaluru
6f49cc6e,Shivam Sharma,114,165,4,37,19,19.0,8.68421052631579,41.25,28.5,32.45614035087719,16.666666666666664,9.5,8.466666666666667,,Punjab Kings
44aac2f0,Arjun Tendulkar,97,150,4,39,19,16.1,9.278350515463918,37.5,24.25,40.20618556701031,19.587628865979383,11.647058823529411,12.461538461538463,5.444444444444445,Lucknow Super Giants
9a963804,LE Plunkett,150,225,4,42,27,25.0,9.0,56.25,37.5,28.000000000000004,18.0,8.5,8.399999999999999,9.857142857142858,Delhi Capitals
e84ac20c,MJ Henry,162,311,4,43,44,27.0,11.518518518518519,77.75,40.5,26.543209876543212,27.160493827160494,13.75,12.0,10.736842105263158,Chennai Super Kings
85b3fab2,T Stubbs,36,69,4,12,10,6.0,11.5,17.25,9.0,33.33333333333333,27.77777777777778,5.0,12.600000000000001,,Delhi Capitals
662c47a6,Y Nagar,66,125,4,16,17,11.0,11.363636363636363,31.25,16.5,24.242424242424242,25.757575757575758,,10.5,10.0,Delhi Capitals
fb5f69e4,M Tiwari,66,101,4,20,12,11.0,9.181818181818182,25.25,16.5,30.303030303030305,18.181818181818183,10.5,7.888888888888889,,Delhi Capitals
449f4e3c,B Muzarabani,42,75,4,13,12,7.0,10.714285714285715,18.75,10.5,30.952380952380953,28.57142857142857,12.0,4.5,13.333333333333334,Kolkata Knight Riders
d7a57f75,D du Preez,42,56,4,18,7,7.0,8.0,14.0,10.5,42.857142857142854,16.666666666666664,13.0,9.333333333333334,4.0,Royal Challengers Bengaluru
cc61ee8f,Gurjapneet Singh,151,233,4,46,28,25.1,9.258278145695364,58.25,37.75,30.4635761589404,18.543046357615893,9.627906976744185,8.625,7.0,Chennai Super Kings
9a0146b3,P Sahu,105,146,3,27,16,17.3,8.342857142857142,48.666666666666664,35.0,25.71428571428571,15.238095238095239,10.0,7.777777777777778,9.0,Punjab Kings
012829ff,JW Hastings,58,66,3,31,11,9.4,6.827586206896552,22.0,19.333333333333332,53.44827586206896,18.96551724137931,5.4,3.5,7.833333333333334,Kolkata Knight Riders
a24be938,VR Iyer,81,143,3,17,19,13.3,10.592592592592593,47.666666666666664,27.0,20.98765432098765,23.456790123456788,9.636363636363637,10.875,,Royal Challengers Bengaluru
531f0278,K Santokie,48,90,3,16,12,8.0,11.25,30.0,16.0,33.33333333333333,25.0,13.25,5.0,9.666666666666668,Mumbai Indians
890de8cb,Gagandeep Singh,84,141,3,26,20,14.0,10.071428571428571,47.0,28.0,30.952380952380953,23.809523809523807,16.0,7.777777777777778,7.0,Punjab Kings
12b610c2,TM Head,64,120,3,11,15,10.4,11.25,40.0,21.333333333333332,17.1875,23.4375,8.5,12.899999999999999,,Sunrisers Hyderabad
26ff4c29,RJ Peterson,48,70,3,21,10,8.0,8.75,23.333333333333332,16.0,43.75,20.833333333333336,13.0,7.0,5.0,Mumbai Indians
1ee08e9a,JA Richardson,90,157,3,32,22,15.0,10.466666666666667,52.333333333333336,30.0,35.55555555555556,24.444444444444443,12.0,9.714285714285715,9.600000000000001,Delhi Capitals
2e9fdf9b,DAJ Bracewell,24,32,3,10,4,4.0,8.0,10.666666666666666,8.0,41.66666666666667,16.666666666666664,10.0,7.0,7.0,Delhi Capitals
7d3937ed,DJ Thornely,42,40,3,19,5,7.0,5.7142857142857135,13.333333333333334,14.0,45.23809523809524,11.904761904761903,,5.428571428571429,,Mumbai Indians
63bff7f9,SM Harwood,60,73,3,34,8,10.0,7.299999999999999,24.333333333333332,20.0,56.666666666666664,13.333333333333334,11.0,3.666666666666667,2.0,Rajasthan Royals
a03bba42,T Shamsi,120,181,3,32,22,20.0,9.05,60.333333333333336,40.0,26.666666666666668,18.333333333333332,14.0,8.176470588235293,,Rajasthan Royals
26d041c4,Sikandar Raza,84,141,3,22,19,14.0,10.071428571428571,47.0,28.0,26.190476190476193,22.61904761904762,,8.833333333333334,13.5,Punjab Kings
82c10dac,Abhinandan Singh,58,122,3,15,20,9.4,12.620689655172413,40.666666666666664,19.333333333333332,25.862068965517242,34.48275862068966,9.600000000000001,8.75,17.25,Royal Challengers Bengaluru
626c5379,R Sathish,139,232,3,31,28,23.1,10.014388489208633,77.33333333333333,46.333333333333336,22.302158273381295,20.14388489208633,18.240000000000002,7.947368421052631,,Kolkata Knight Riders
6581d753,JM Kemp,44,54,3,18,7,7.2,7.363636363636363,18.0,14.666666666666666,40.909090909090914,15.909090909090908,6.0,6.976744186046512,,Chennai Super Kings
8b9704ae,L Ablish,42,75,3,11,12,7.0,10.714285714285715,25.0,14.0,26.190476190476193,28.57142857142857,5.0,15.5,13.0,Punjab Kings
ce4cc4d5,R Ninan,36,65,3,8,8,6.0,10.833333333333334,21.666666666666668,12.0,22.22222222222222,22.22222222222222,16.0,9.8,,Royal Challengers Bengaluru
8291f939,AL Menaria,110,144,3,40,19,18.2,7.8545454545454545,48.0,36.666666666666664,36.36363636363637,17.272727272727273,14.100000000000001,5.857142857142857,6.5,Rajasthan Royals
be869ccf,GHS Garton,90,135,3,32,17,15.0,9.0,45.0,30.0,35.55555555555556,18.88888888888889,5.666666666666666,5.0,10.0,Royal Challengers Bengaluru
c3c92b42,RS Hangargekar,36,60,3,14,8,6.0,10.0,20.0,12.0,38.88888888888889,22.22222222222222,6.5,10.0,10.0,Chennai Super Kings
6821ac10,JJ van der Wath,72,129,3,31,23,12.0,10.75,43.0,24.0,43.05555555555556,31.944444444444443,11.0,14.333333333333332,7.6,Royal Challengers Bengaluru
cedc1d9a,P Suyal,96,151,2,39,21,16.0,9.4375,75.5,48.0,40.625,21.875,9.25,7.0,8.6,Mumbai Indians
f842c2cf,MJ Clarke,66,67,2,24,6,11.0,6.090909090909091,33.5,33.0,36.36363636363637,9.090909090909092,9.0,5.8,,Pune Warriors
cca50cd6,LJ Wright,71,124,2,15,14,11.5,10.47887323943662,62.0,35.5,21.12676056338028,19.718309859154928,11.73913043478261,9.0,12.0,Pune Warriors
4ec07775,RN ten Doeschate,78,94,2,22,7,13.0,7.23076923076923,47.0,39.0,28.205128205128204,8.974358974358974,10.0,6.5,,Kolkata Knight Riders
fdcb08c2,A Uniyal,36,66,2,9,9,6.0,11.0,33.0,18.0,25.0,25.0,8.333333333333332,18.0,10.5,Rajasthan Royals
f24ca2ba,C Nanda,48,57,2,14,3,8.0,7.125,28.5,24.0,29.166666666666668,6.25,7.0,6.857142857142857,,Mumbai Indians
ddc0828d,A Flintoff,66,105,2,21,14,11.0,9.545454545454545,52.5,33.0,31.818181818181817,21.21212121212121,14.5,5.2,10.5,Chennai Super Kings
a9da7784,KJ Abbott,96,177,2,30,28,16.0,11.0625,88.5,48.0,31.25,29.166666666666668,13.0,9.4,10.0,Punjab Kings
d167edd3,SM Boland,42,54,2,15,7,7.0,7.714285714285715,27.0,21.0,35.714285714285715,16.666666666666664,7.0,10.0,7.333333333333334,Rising Pune Supergiant
6ec424a9,ND Doshi,56,79,2,24,11,9.2,8.464285714285715,39.5,28.0,42.857142857142854,19.642857142857142,5.5,8.076923076923077,10.666666666666666,Rajasthan Royals
107c26fb,KT Maphaka,66,143,2,24,26,11.0,13.0,71.5,33.0,36.36363636363637,39.39393939393939,16.0,14.5,11.0,Rajasthan Royals
dc9dd038,Sachin Baby,10,8,2,5,1,1.4,4.800000000000001,4.0,5.0,50.0,10.0,6.0,4.0,,Royal Challengers Bengaluru
249d60c9,AU Rashid,60,91,2,20,11,10.0,9.1,45.5,30.0,33.33333333333333,18.333333333333332,10.0,9.0,,Sunrisers Hyderabad
92500ad5,SS Mishra,38,67,2,16,9,6.2,10.578947368421051,33.5,19.0,42.10526315789473,23.684210526315788,7.5,9.25,11.0,Rajasthan Royals
ba6b2f91,RA Bawa,24,50,2,7,5,4.0,12.5,25.0,12.0,29.166666666666668,20.833333333333336,10.0,10.333333333333334,,Mumbai Indians
8e514b4c,Abdul Samad,57,125,2,12,16,9.3,13.157894736842106,62.5,28.5,21.052631578947366,28.07017543859649,18.0,11.625,,Lucknow Super Giants
b52ffbbd,FA Allen,90,136,2,26,18,15.0,9.066666666666666,68.0,45.0,28.888888888888886,20.0,,8.666666666666666,10.333333333333334,Mumbai Indians
9a46c4e5,GD Phillips,30,40,2,10,5,5.0,8.0,20.0,15.0,33.33333333333333,16.666666666666664,,8.75,4.0,Gujarat Titans
030f3089,K Yadav,54,84,2,14,10,9.0,9.333333333333334,42.0,27.0,25.925925925925924,18.51851851851852,14.0,7.5,8.666666666666666,Rajasthan Royals
6c79c098,DA Payne,30,70,2,5,11,5.0,14.0,35.0,15.0,16.666666666666664,36.666666666666664,,8.666666666666666,21.5,Sunrisers Hyderabad
99ed60f8,JPR Scantlebury-Searles,42,89,2,7,11,7.0,12.714285714285715,44.5,21.0,16.666666666666664,26.190476190476193,19.0,11.0,12.0,Kolkata Knight Riders
c695b423,PH Solanki,36,38,2,12,3,6.0,6.333333333333334,19.0,18.0,33.33333333333333,8.333333333333332,7.5,5.75,,Chennai Super Kings
08548b13,PHKD Mendis,42,60,2,11,7,7.0,8.571428571428571,30.0,21.0,26.190476190476193,16.666666666666664,,8.571428571428571,,Sunrisers Hyderabad
a457cfb5,Mayank Dagar,137,203,2,44,25,22.5,8.89051094890511,101.5,68.5,32.11678832116788,18.248175182481752,7.764705882352942,8.166666666666668,14.5,Royal Challengers Bengaluru
0b60eb09,KA Maharaj,36,39,2,11,3,6.0,6.5,19.5,18.0,30.555555555555557,8.333333333333332,,6.200000000000001,8.0,Rajasthan Royals
402f8494,RJ Gleeson,68,110,2,25,17,11.2,9.705882352941178,55.0,34.0,36.76470588235294,25.0,10.846153846153847,6.666666666666667,9.5,Mumbai Indians
025c4400,MJ Suthar,48,94,2,17,15,8.0,11.75,47.0,24.0,35.41666666666667,31.25,11.0,11.0,13.0,Gujarat Titans
fef92afc,SC Kuggeleijn,48,71,2,17,9,8.0,8.875,35.5,24.0,35.41666666666667,18.75,8.0,8.666666666666666,11.0,Chennai Super Kings
ed5a5510,P Dubey,78,111,2,24,15,13.0,8.538461538461538,55.5,39.0,30.76923076923077,19.230769230769234,11.0,8.25,,Punjab Kings
d4d929b0,V Kaverappa,24,36,2,11,5,4.0,9.0,18.0,12.0,45.83333333333333,20.833333333333336,,16.0,6.666666666666667,Punjab Kings
facb9086,SD Chitnis,36,60,2,11,7,6.0,10.0,30.0,18.0,30.555555555555557,19.444444444444446,4.0,9.75,11.0,Punjab Kings
94bc776b,D Kalyankrishna,48,87,2,11,12,8.0,10.875,43.5,24.0,22.916666666666664,25.0,17.0,9.714285714285715,,Deccan Chargers
f18ba07f,Ankit Soni,109,144,2,38,15,18.1,7.926605504587156,72.0,54.5,34.862385321100916,13.761467889908257,24.0,7.882352941176471,3.0,Gujarat Lions
e0351c86,DNT Zoysa,66,99,2,25,15,11.0,9.0,49.5,33.0,37.878787878787875,22.727272727272727,9.333333333333334,10.5,7.333333333333334,Deccan Chargers
9ab63e7b,Mohammad Hafeez,60,68,2,25,7,10.0,6.8,34.0,30.0,41.66666666666667,11.666666666666666,,6.1,,Kolkata Knight Riders
0d232ffd,MA Khote,30,51,2,6,6,5.0,10.2,25.5,15.0,20.0,20.0,11.5,9.333333333333334,,Mumbai Indians
64c34cd0,Shoaib Malik,51,85,2,17,10,8.3,10.0,42.5,25.5,33.33333333333333,19.607843137254903,9.600000000000001,8.666666666666666,,Delhi Capitals
7dcb9bc9,M Shahrukh Khan,18,28,1,5,3,3.0,9.333333333333334,28.0,18.0,27.77777777777778,16.666666666666664,7.0,10.5,,Gujarat Titans
65b6943c,L Wood,36,93,1,9,17,6.0,15.5,93.0,36.0,25.0,47.22222222222222,21.5,11.5,12.5,Mumbai Indians
a1d95bd8,LB Williams,36,72,1,13,10,6.0,12.0,72.0,36.0,36.11111111111111,27.77777777777778,12.0,4.0,11.25,Delhi Capitals
650d5e49,R Powell,18,35,1,4,4,3.0,11.666666666666666,35.0,18.0,22.22222222222222,22.22222222222222,13.0,9.5,,Kolkata Knight Riders
b822e99c,NB Singh,24,15,1,16,2,4.0,3.75,15.0,24.0,66.66666666666666,8.333333333333332,,,3.5,Gujarat Lions
8dc152d1,D Jansen,24,53,1,6,7,4.0,13.25,53.0,24.0,25.0,29.166666666666668,10.5,13.0,15.0,Mumbai Indians
b51f72a5,SS Agarwal,24,42,1,7,6,4.0,10.5,42.0,24.0,29.166666666666668,25.0,,10.333333333333334,11.0,Gujarat Lions
8361e524,SSB Magala,36,51,1,6,5,6.0,8.5,51.0,36.0,16.666666666666664,13.88888888888889,4.5,6.5,14.0,Chennai Super Kings
03a83c50,V Viyaskanth,60,86,1,19,10,10.0,8.6,86.0,60.0,31.666666666666664,16.666666666666664,,8.6,,Sunrisers Hyderabad
1a2676c5,SA Abbott,54,104,1,13,16,9.0,11.555555555555555,104.0,54.0,24.074074074074073,29.629629629629626,17.0,9.333333333333334,10.8,Sunrisers Hyderabad
eade4650,DJ Mitchell,48,97,1,5,13,8.0,12.125,97.0,48.0,10.416666666666668,27.083333333333332,,11.75,,Chennai Super Kings
b720a5d6,DB Ravi Teja,18,28,1,4,3,3.0,9.333333333333334,28.0,18.0,22.22222222222222,16.666666666666664,,9.333333333333334,,Sunrisers Hyderabad
2b6e6dec,AC Gilchrist,1,0,1,1,0,0.1,0.0,0.0,1.0,100.0,0.0,0.0,,,Punjab Kings
844e79d1,D Brevis,3,8,1,1,2,0.3,16.0,8.0,3.0,33.33333333333333,66.66666666666666,16.0,,,Chennai Super Kings
94253925,GH Vihari,42,47,1,18,6,7.0,6.714285714285714,47.0,42.0,42.857142857142854,14.285714285714285,,4.333333333333333,8.25,Delhi Capitals
89f64c19,LMP Simmons,18,34,1,2,4,3.0,11.333333333333332,34.0,18.0,11.11111111111111,22.22222222222222,12.0,10.0,,Mumbai Indians
da934ee8,MK Lomror,90,127,1,22,13,15.0,8.466666666666667,127.0,90.0,24.444444444444443,14.444444444444443,,8.615384615384615,5.5,Royal Challengers Bengaluru
0bf15e52,Harmeet Singh,24,34,1,12,5,4.0,8.5,34.0,24.0,50.0,20.833333333333336,,5.5,11.0,Rajasthan Royals
9868bc75,BMAJ Mendis,30,36,1,11,4,5.0,7.199999999999999,36.0,30.0,36.666666666666664,13.333333333333334,,7.199999999999999,,Delhi Capitals
d014d5ac,SE Rutherford,41,59,1,8,5,6.5,8.634146341463413,59.0,41.0,19.51219512195122,12.195121951219512,2.4000000000000004,8.666666666666666,,Mumbai Indians
26e5cabf,MK Tiwary,42,83,1,9,9,7.0,11.857142857142858,83.0,42.0,21.428571428571427,21.428571428571427,13.5,10.2,,Punjab Kings
cfa4bd2b,Y Prithvi Raj,30,57,1,8,8,5.0,11.399999999999999,57.0,30.0,26.666666666666668,26.666666666666668,,7.333333333333334,16.0,Kolkata Knight Riders
2815fe50,AA Jhunjhunwala,85,129,1,28,15,14.1,9.105882352941176,129.0,85.0,32.94117647058823,17.647058823529413,12.0,8.777777777777779,9.0,Deccan Chargers
94eac556,CJ McKay,42,60,1,14,9,7.0,8.571428571428571,60.0,42.0,33.33333333333333,21.428571428571427,10.0,4.666666666666667,13.0,Mumbai Indians
d3611425,LI Meriwala,18,32,1,6,4,3.0,10.666666666666666,32.0,18.0,33.33333333333333,22.22222222222222,,4.0,11.5,Delhi Capitals
1a156c88,DJM Short,18,19,1,8,2,3.0,6.333333333333334,19.0,18.0,44.44444444444444,11.11111111111111,,6.333333333333334,,Rajasthan Royals
2f3817ce,TP Sudhindra,70,136,1,19,17,11.4,11.657142857142857,136.0,70.0,27.142857142857142,24.285714285714285,13.363636363636363,11.25,8.5,Deccan Chargers
b2b23612,RG More,35,59,1,5,6,5.5,10.114285714285714,59.0,35.0,14.285714285714285,17.142857142857142,8.823529411764707,8.5,15.0,Chennai Super Kings
0af3426f,SS Mundhe,6,6,1,4,1,1.0,6.0,6.0,6.0,66.66666666666666,16.666666666666664,,,5.0,Pune Warriors
fdf7491e,IC Porel,24,39,1,10,7,4.0,9.75,39.0,24.0,41.66666666666667,29.166666666666668,,6.5,12.0,Punjab Kings
1558d83b,GS Sandhu,48,82,1,10,10,8.0,10.25,82.0,48.0,20.833333333333336,20.833333333333336,12.5,8.333333333333332,7.0,Delhi Capitals
b8d490fd,AJ Finch,43,67,1,13,8,7.1,9.348837209302326,67.0,43.0,30.23255813953488,18.6046511627907,5.142857142857142,11.399999999999999,3.0,Kolkata Knight Riders
611926bc,GR Napier,24,27,1,9,3,4.0,6.75,27.0,24.0,37.5,12.5,,8.0,3.0,Mumbai Indians
0a4ebc61,T Henderson,36,40,1,15,5,6.0,6.666666666666667,40.0,36.0,41.66666666666667,13.88888888888889,9.0,4.333333333333333,,Rajasthan Royals
e5437608,GF Linde,37,55,1,10,8,6.1,8.91891891891892,55.0,37.0,27.027027027027028,21.62162162162162,24.0,8.5,,Lucknow Super Giants
f0af99a7,D Ferreira,18,41,1,2,6,3.0,13.666666666666666,41.0,18.0,11.11111111111111,33.33333333333333,16.0,12.5,,Rajasthan Royals
dee07622,RS Ghosh,18,24,1,6,4,3.0,8.0,24.0,18.0,33.33333333333333,22.22222222222222,,8.0,,Chennai Super Kings
5b615e7c,Raghu Sharma,90,130,1,23,13,15.0,8.666666666666666,130.0,90.0,25.555555555555554,14.444444444444443,14.0,8.285714285714285,,Mumbai Indians
d621b427,Musheer Khan,12,27,1,1,4,2.0,13.5,27.0,12.0,8.333333333333332,33.33333333333333,,13.5,,Punjab Kings
e1b9f3a9,BJ Dwarshuis,24,51,1,6,7,4.0,12.75,51.0,24.0,25.0,29.166666666666668,17.0,9.666666666666668,,Punjab Kings
d872f52a,LA Carseldine,6,6,1,4,1,1.0,6.0,6.0,6.0,66.66666666666666,16.666666666666664,,,5.0,Rajasthan Royals
3ff033bb,MD Shanaka,36,60,1,8,7,6.0,10.0,60.0,36.0,22.22222222222222,19.444444444444446,6.0,10.4,,Rajasthan Royals
670709ec,SB Joshi,55,82,1,18,11,9.1,8.945454545454545,82.0,55.0,32.72727272727273,20.0,11.142857142857142,8.625,,Royal Challengers Bengaluru
caa89a48,SS Sarkar,25,34,1,4,4,4.1,8.16,34.0,25.0,16.0,16.0,6.0,6.0,15.0,Kolkata Knight Riders
29e95537,AM Rahane,6,5,1,2,0,1.0,5.0,5.0,6.0,33.33333333333333,0.0,,5.0,,Kolkata Knight Riders
d0513f63,CL White,42,86,1,8,11,7.0,12.285714285714285,86.0,42.0,19.047619047619047,26.190476190476193,,11.571428571428571,,Sunrisers Hyderabad
b69e69ed,AA Noffke,24,40,1,7,4,4.0,10.0,40.0,24.0,29.166666666666668,16.666666666666664,5.5,7.0,17.0,Royal Challengers Bengaluru
4b4d1957,PM Sarvesh Kumar,30,42,1,11,7,5.0,8.399999999999999,42.0,30.0,36.666666666666664,23.333333333333332,,8.5,7.0,Deccan Chargers
2503e881,A Nel,18,31,1,7,5,3.0,10.333333333333334,31.0,18.0,38.88888888888889,27.77777777777778,8.0,11.0,12.0,Mumbai Indians
756389bd,S Vidyut,12,22,1,5,3,2.0,11.0,22.0,12.0,41.66666666666667,25.0,,10.5,,Chennai Super Kings
c27b5a0e,PVSN Raju,24,53,1,4,7,4.0,13.25,53.0,24.0,16.666666666666664,29.166666666666668,12.0,12.0,12.0,Mumbai Indians
50758325,B Geeves,48,91,1,15,18,8.0,11.375,91.0,48.0,31.25,37.5,10.0,10.333333333333334,12.25,Delhi Capitals
de7d833e,D Madushanka,24,36,1,8,4,4.0,9.0,36.0,24.0,33.33333333333333,16.666666666666664,,8.5,7.5,Sunrisers Hyderabad
0264c10e,D Salunkhe,47,78,1,15,9,7.5,9.957446808510639,78.0,47.0,31.914893617021278,19.148936170212767,7.0,9.073170731707318,,Rajasthan Royals
1cb14aa4,CJ Dala,18,34,0,7,5,3.0,11.333333333333332,,,38.88888888888889,27.77777777777778,,8.5,16.0,Delhi Capitals
b61a3e1a,LRPL Taylor,12,24,0,0,2,2.0,12.0,,,0.0,16.666666666666664,,11.5,,Delhi Capitals
dcce6f09,DA Warner,1,2,0,0,0,0.1,12.0,,,0.0,0.0,,6.0,,Delhi Capitals
19b9f399,CJ Green,17,24,0,6,4,2.5,8.470588235294118,,,35.294117647058826,23.52941176470588,9.600000000000001,,8.0,Kolkata Knight Riders
21ac077a,RR Bose,12,24,0,5,5,2.0,12.0,,,41.66666666666667,41.66666666666667,,,12.0,Punjab Kings
d027ba9f,KS Williamson,18,31,0,2,3,3.0,10.333333333333334,,,11.11111111111111,16.666666666666664,,12.0,7.0,Gujarat Titans
fb24e76c,Monu Kumar,12,20,0,4,2,2.0,10.0,,,33.33333333333333,16.666666666666664,9.0,,5.0,Chennai Super Kings
cfad138c,CK Kapugedera,17,49,0,0,8,2.5,17.294117647058822,,,0.0,47.05882352941176,15.0,18.545454545454547,,Chennai Super Kings
e148e6bd,PR Veer,12,25,0,5,4,2.0,12.5,,,41.66666666666667,33.33333333333333,,7.0,18.0,Chennai Super Kings
249abedf,Jalaj S Saxena,18,27,0,5,4,3.0,9.0,,,27.77777777777778,22.22222222222222,,8.5,10.0,Punjab Kings
7d3720ba,RR Bhatkal,12,35,0,0,5,2.0,17.5,,,0.0,41.66666666666667,,15.0,20.0,Royal Challengers Bengaluru
271f83cd,SA Yadav,6,8,0,2,1,1.0,8.0,,,33.33333333333333,16.666666666666664,,,8.0,Mumbai Indians
c28e9f12,Tejas Baroka,21,33,0,6,4,3.3,9.428571428571429,,,28.57142857142857,19.047619047619047,18.0,8.0,8.0,Gujarat Lions
3355b542,F du Plessis,6,16,0,0,2,1.0,16.0,,,0.0,33.33333333333333,16.0,,,Delhi Capitals
d2c2b2d5,SR Tendulkar,36,58,0,5,7,6.0,9.666666666666668,,,13.88888888888889,19.444444444444446,19.0,7.6,,Mumbai Indians
39f82db3,DJ Harris,18,26,0,4,3,3.0,8.666666666666666,,,22.22222222222222,16.666666666666664,10.0,8.0,,Deccan Chargers
4b57e452,M Vijay,36,49,0,8,6,6.0,8.166666666666668,,,22.22222222222222,16.666666666666664,,8.2,7.0,Chennai Super Kings
af2c687b,C Munro,12,15,0,5,2,2.0,7.5,,,41.66666666666667,16.666666666666664,,7.5,,Delhi Capitals
27af6414,BJ Rohrer,6,12,0,1,2,1.0,12.0,,,16.666666666666664,33.33333333333333,,11.0,,Delhi Capitals
77255a9e,RA Tripathi,6,12,0,0,2,1.0,12.0,,,0.0,33.33333333333333,,12.0,,Chennai Super Kings
30a45b23,SPD Smith,2,5,0,0,1,0.2,15.0,,,0.0,50.0,15.0,,,Delhi Capitals
27e71d47,K Upadhyay,54,81,0,20,12,9.0,9.0,,,37.03703703703704,22.22222222222222,,7.0,9.666666666666668,Pune Warriors
ee3dfa89,Sunny Gupta,18,47,0,0,7,3.0,15.666666666666668,,,0.0,38.88888888888889,,16.5,12.0,Delhi Capitals
51ec3919,T Vijay,12,29,0,2,5,2.0,14.5,,,16.666666666666664,41.66666666666667,,11.0,18.0,Delhi Capitals
888e32bf,Abdur Razzak,12,29,0,5,3,2.0,14.5,,,41.66666666666667,25.0,,9.5,,Royal Challengers Bengaluru
f088b960,SN Khan,2,6,0,0,1,0.2,18.0,,,0.0,50.0,18.0,,,Chennai Super Kings
ade90de7,S Midhun,12,27,0,4,4,2.0,13.5,,,33.33333333333333,33.33333333333333,,13.0,,Rajasthan Royals
e48a4814,Krish Bhagat,36,63,0,15,10,6.0,10.5,,,41.66666666666667,27.77777777777778,11.666666666666666,,9.333333333333334,Mumbai Indians
38f2c66c,VS Yeligati,30,59,0,8,9,5.0,11.799999999999999,,,26.666666666666668,30.0,13.0,9.333333333333334,12.0,Mumbai Indians
0164b064,MG Neser,24,62,0,5,10,4.0,15.5,,,20.833333333333336,41.66666666666667,16.5,8.0,18.0,Punjab Kings
5b16a806,A Dananjaya,24,47,0,6,6,4.0,11.75,,,25.0,25.0,,11.333333333333332,12.0,Mumbai Indians
441c72ae,P Ray Barman,24,56,0,2,7,4.0,14.0,,,8.333333333333332,29.166666666666668,20.0,12.0,,Royal Challengers Bengaluru
c3a96caf,Mandeep Singh,12,26,0,1,3,2.0,13.0,,,8.333333333333332,25.0,,13.0,,Kolkata Knight Riders
a1f1829d,K Goel,66,93,0,20,11,11.0,8.454545454545455,,,30.303030303030305,16.666666666666664,,8.363636363636363,,Punjab Kings
9f77963a,Gulbadin Naib,6,12,0,1,2,1.0,12.0,,,16.666666666666664,33.33333333333333,,12.0,,Delhi Capitals
60500956,RV Patel,18,22,0,5,2,3.0,7.333333333333334,,,27.77777777777778,11.11111111111111,10.0,5.0,,Delhi Capitals
a90e53ec,MW Short,43,64,0,16,9,7.1,8.930232558139535,,,37.2093023255814,20.930232558139537,,5.538461538461538,10.0,Chennai Super Kings
64a4c383,S Sriram,18,49,0,2,8,3.0,16.333333333333336,,,11.11111111111111,44.44444444444444,,16.333333333333336,,Delhi Capitals
99258814,Gurnoor Brar,18,42,0,7,7,3.0,14.0,,,38.88888888888889,38.88888888888889,,21.0,8.5,Punjab Kings
c15e2193,FY Fazal,12,20,0,1,2,2.0,10.0,,,8.333333333333332,16.666666666666664,10.0,,,Rajasthan Royals
266849c1,R Goyal,24,33,0,7,3,4.0,8.25,,,29.166666666666668,12.5,,8.25,,Mumbai Indians
1b7b0fa7,Vivrant Sharma,18,37,0,5,3,3.0,12.333333333333332,,,27.77777777777778,16.666666666666664,,9.333333333333334,,Sunrisers Hyderabad
a343262c,JE Root,12,14,0,2,1,2.0,7.0,,,16.666666666666664,8.333333333333332,,7.0,,Rajasthan Royals
52294a79,H Sharma,30,57,0,4,8,5.0,11.399999999999999,,,13.333333333333334,26.666666666666668,,11.399999999999999,,Royal Challengers Bengaluru
86ae8ef2,MB Parmar,18,33,0,4,6,3.0,11.0,,,22.22222222222222,33.33333333333333,,9.5,13.0,Kolkata Knight Riders
798934ea,C Ganapathy,6,13,0,1,2,1.0,13.0,,,16.666666666666664,33.33333333333333,,13.0,,Chennai Super Kings
8998a68f,Sumit Kumar,20,38,0,4,5,3.2,11.399999999999999,,,20.0,25.0,18.0,10.0,,Delhi Capitals
78eb4223,KAJ Roach,48,80,0,20,13,8.0,10.0,,,41.66666666666667,27.083333333333332,14.333333333333332,7.0,6.333333333333334,Deccan Chargers
e186f49c,Mashrafe Mortaza,24,58,0,7,7,4.0,14.5,,,29.166666666666668,29.166666666666668,12.5,,12.5,Kolkata Knight Riders
9d704f6f,SZ Mulani,30,57,0,7,6,5.0,11.399999999999999,,,23.333333333333332,20.0,19.0,7.666666666666666,12.0,Mumbai Indians
fffa744b,Naman Dhir,52,76,0,11,8,8.4,8.769230769230768,,,21.153846153846153,15.384615384615385,4.0,10.764705882352942,6.0,Mumbai Indians
864c199e,AC Voges,54,76,0,15,10,9.0,8.444444444444445,,,27.77777777777778,18.51851851851852,5.0,7.333333333333334,12.5,Rajasthan Royals
ba5e1069,R Ravindra,12,7,0,5,0,2.0,3.5,,,41.66666666666667,0.0,,3.5,,Chennai Super Kings
752f7486,Ishan Kishan,1,4,0,0,1,0.1,24.0,,,0.0,100.0,24.0,,,Sunrisers Hyderabad
97290faf,S Joseph,24,47,0,12,6,4.0,11.75,,,50.0,25.0,,9.5,8.5,Lucknow Super Giants
1ac746c8,Atharva Taide,1,4,0,0,1,0.1,24.0,,,0.0,100.0,24.0,,,Sunrisers Hyderabad
9ff100a6,RS Gavaskar,6,8,0,2,1,1.0,8.0,,,33.33333333333333,16.666666666666664,8.0,,,Kolkata Knight Riders
7c390b03,RA Shaikh,6,11,0,1,2,1.0,11.0,,,16.666666666666664,33.33333333333333,,,11.0,Mumbai Indians
c96f6ac5,PWA Mulder,6,16,0,1,3,1.0,16.0,,,16.666666666666664,50.0,16.0,,,Sunrisers Hyderabad
3ae3f034,AUK Pathan,39,63,0,9,7,6.3,9.692307692307693,,,23.076923076923077,17.94871794871795,11.2,7.25,,Royal Challengers Bengaluru
67af6f81,RW Price,18,33,0,1,4,3.0,11.0,,,5.555555555555555,22.22222222222222,,9.5,14.0,Mumbai Indians
9a5f2863,Mohit Rathee,12,29,0,3,5,2.0,14.5,,,25.0,41.66666666666667,,14.5,,Punjab Kings
d1a60072,N Wadhera,17,22,0,3,2,2.5,7.764705882352942,,,17.647058823529413,11.76470588235294,10.8,6.5,,Punjab Kings
90edaaa9,S Rana,16,18,0,5,2,2.4,6.75,,,31.25,12.5,3.0,8.0,,Royal Challengers Bengaluru
bae11797,Y Gnaneswara Rao,6,7,0,3,1,1.0,7.0,,,50.0,16.666666666666664,,7.0,,Kochi Tuskers Kerala
ddb00822,P Prasanth,6,18,0,3,3,1.0,18.0,,,50.0,50.0,,18.0,,Kochi Tuskers Kerala
c69a7b5c,AS Raut,30,44,0,7,5,5.0,8.799999999999999,,,23.333333333333332,16.666666666666664,6.5,10.333333333333334,,Rajasthan Royals
16605a1b,AA Kazi,12,21,0,2,2,2.0,10.5,,,16.666666666666664,16.666666666666664,,10.0,,Royal Challengers Bengaluru
5451a2c1,B Chipli,6,20,0,1,3,1.0,20.0,,,16.666666666666664,50.0,,20.0,,Delhi Capitals
943fd425,I Malhotra,6,23,0,0,4,1.0,23.0,,,0.0,66.66666666666666,,23.0,,Deccan Chargers
6c19c6e5,YBK Jaiswal,1,6,0,0,1,0.1,36.0,,,0.0,100.0,36.0,,,Rajasthan Royals
b0482a1d,Tilak Varma,22,28,0,8,4,3.4,7.636363636363637,,,36.36363636363637,18.181818181818183,12.0,6.0,7.0,Mumbai Indians
7c3c0337,Auqib Nabi,78,149,0,26,19,13.0,11.461538461538462,,,33.33333333333333,24.358974358974358,,10.0,10.25,Delhi Capitals
5673a3fc,NL McCullum,30,34,0,11,3,5.0,6.8,,,36.666666666666664,10.0,,7.333333333333334,6.0,Pune Warriors
f1f99156,TH David,6,18,0,1,3,1.0,18.0,,,16.666666666666664,50.0,,18.0,,Royal Challengers Bengaluru
378daa89,Aman Hakim Khan,6,13,0,1,2,1.0,13.0,,,16.666666666666664,33.33333333333333,,13.0,,Delhi Capitals
85ec8e33,SS Iyer,6,7,0,4,1,1.0,7.0,,,66.66666666666666,16.666666666666664,7.0,,,Punjab Kings
970ddd24,Suryansh Shedge,18,40,0,1,5,3.0,13.333333333333334,,,5.555555555555555,27.77777777777778,23.0,7.0,,Punjab Kings
33ffc3dd,R Sanjay Yadav,12,23,0,6,4,2.0,11.5,,,50.0,33.33333333333333,,13.0,8.0,Mumbai Indians
6042bf26,NJ Rimmington,18,19,0,10,3,3.0,6.333333333333334,,,55.55555555555556,16.666666666666664,,6.0,6.5,Punjab Kings
c42aaf71,M Manhas,42,42,0,15,3,7.0,6.0,,,35.714285714285715,7.142857142857142,8.0,5.666666666666666,,Chennai Super Kings
73c18486,KR Mayers,42,59,0,14,8,7.0,8.428571428571427,,,33.33333333333333,19.047619047619047,,14.0,6.5,Lucknow Super Giants
62175638,Karim Janat,6,30,0,0,6,1.0,30.0,,,0.0,100.0,,30.0,,Gujarat Titans
1be70c88,LPC Silva,6,21,0,0,3,1.0,21.0,,,0.0,50.0,21.0,,,Deccan Chargers
