player_id,wickets_per_match,best_bowling_wickets,bowling_strike_rate,economy,economy_powerplay,economy_death,dot_ball_pct,boundary_conceded_pct,bowling_average
57ee1fde,90.04739336492891,99.0521327014218,84.36018957345972,62.08530805687204,52.15311004784689,59.241706161137444,26.540284360189574,79.14691943127963,90.04739336492891
2e81a32d,70.61611374407583,99.0521327014218,61.611374407582936,75.82938388625593,90.43062200956938,64.92890995260663,89.57345971563981,58.76777251184834,73.93364928909952
9d430b40,61.137440758293835,99.0521327014218,39.33649289099526,97.6303317535545,81.33971291866028,97.6303317535545,70.14218009478674,96.2085308056872,77.25118483412322
98ae73b1,57.81990521327014,84.83412322274881,65.87677725118483,65.87677725118483,56.9377990430622,78.67298578199052,36.96682464454976,70.61611374407583,71.56398104265404
462411b3,81.04265402843602,99.0521327014218,69.66824644549763,89.57345971563981,86.60287081339713,90.521327014218,81.51658767772511,77.25118483412322,85.78199052132702
495d42a5,36.96682464454976,84.83412322274881,21.32701421800948,93.36492890995261,77.03349282296651,90.99526066350711,37.44075829383886,95.73459715639811,46.44549763033176
87e562a9,76.30331753554502,84.83412322274881,86.25592417061611,48.81516587677726,60.28708133971292,65.40284360189574,24.170616113744074,66.82464454976304,84.36018957345972
fe93fd9d,27.014218009478675,99.0521327014218,27.96208530805687,76.30331753554502,40.19138755980861,75.82938388625593,14.218009478672986,87.20379146919431,45.97156398104265
5f547c8b,78.67298578199052,84.83412322274881,68.72037914691943,90.521327014218,58.85167464114833,76.77725118483411,54.976303317535546,87.67772511848341,83.88625592417061
6b19d823,67.29857819905213,99.0521327014218,70.14218009478674,88.15165876777252,71.29186602870814,59.71563981042654,44.54976303317535,92.8909952606635,84.83412322274881
a12e1d51,95.73459715639811,99.0521327014218,89.0995260663507,93.8388625592417,95.2153110047847,94.31279620853081,86.7298578199052,81.51658767772511,98.1042654028436
ce820073,65.87677725118483,99.0521327014218,54.502369668246445,58.29383886255924,75.59808612440192,33.175355450236964,65.87677725118483,51.65876777251185,59.71563981042654
f986ca1a,88.15165876777252,99.0521327014218,89.57345971563981,29.383886255924168,23.923444976076553,54.976303317535546,27.96208530805687,43.60189573459715,81.04265402843602
8b5b6769,46.44549763033176,99.0521327014218,35.071090047393355,94.31279620853081,74.64114832535886,87.67772511848341,62.55924170616114,90.04739336492891,68.72037914691943
e62dd25d,98.5781990521327,84.83412322274881,95.260663507109,32.70142180094787,30.143540669856463,54.02843601895735,77.72511848341233,25.59241706161137,92.8909952606635
8cf9814c,71.56398104265402,84.83412322274881,64.92890995260663,37.91469194312796,63.63636363636363,20.853080568720387,80.09478672985783,22.748815165876778,55.92417061611374
a818c1be,78.19905213270142,84.83412322274881,72.51184834123222,44.54976303317536,68.89952153110048,27.014218009478668,81.04265402843602,24.64454976303317,67.29857819905213
cc1e8c68,52.60663507109005,84.83412322274881,50.236966824644554,45.023696682464454,63.15789473684211,39.81042654028436,76.77725118483413,27.488151658767762,49.28909952606635
2e171977,29.85781990521327,84.83412322274881,17.535545023696685,85.30805687203792,53.110047846889955,82.93838862559241,25.118483412322274,88.15165876777252,36.492890995260666
759ac88f,74.40758293838863,99.0521327014218,81.51658767772511,34.12322274881517,44.019138755980855,38.38862559241706,33.175355450236964,34.59715639810426,72.98578199052133
2f49c897,60.18957345971564,84.83412322274881,55.45023696682465,33.64928909952607,47.36842105263158,45.97156398104265,90.52132701421802,19.90521327014217,45.023696682464454
bbd41817,58.767772511848335,99.0521327014218,98.5781990521327,13.270142180094794,46.411483253588514,24.64454976303317,41.23222748815166,12.322274881516591,89.0995260663507
1abb78f8,69.19431279620854,84.83412322274881,76.30331753554502,11.848341232227483,14.354066985645929,35.071090047393355,32.70142180094787,17.061611374407576,52.60663507109005
1e66c162,54.02843601895735,99.0521327014218,59.71563981042654,28.43601895734598,51.67464114832536,18.95734597156398,20.85308056872038,36.01895734597157,43.60189573459715
8d2c70ad,63.507109004739334,84.83412322274881,61.137440758293835,52.60663507109005,49.76076555023924,80.56872037914692,9.47867298578199,76.30331753554502,60.66350710900474
244048f6,77.72511848341233,99.0521327014218,78.67298578199052,19.431279620853076,34.92822966507177,52.132701421800945,50.71090047393365,18.00947867298578,62.08530805687204
5b7ab5a9,80.09478672985783,99.0521327014218,72.03791469194313,75.35545023696682,55.98086124401914,78.19905213270142,56.872037914691944,74.40758293838863,80.56872037914692
5b8c830e,23.696682464454977,84.83412322274881,20.379146919431278,80.09478672985782,54.066985645933016,84.83412322274881,12.796208530805686,89.57345971563981,36.96682464454977
96fd40ae,82.93838862559242,84.83412322274881,80.09478672985782,70.14218009478674,67.46411483253588,79.14691943127963,88.62559241706161,44.07582938388626,87.20379146919431
41eb4a4f,58.29383886255924,84.83412322274881,63.507109004739334,47.86729857819905,73.6842105263158,34.59715639810426,57.81990521327014,44.54976303317536,60.18957345971564
91a4a398,60.66350710900474,84.83412322274881,45.023696682464454,79.14691943127963,87.08133971291866,67.29857819905213,82.93838862559242,59.241706161137444,65.87677725118483
8fd1a8f5,59.71563981042654,45.497630331753555,39.81042654028436,96.2085308056872,95.69377990430623,89.57345971563981,99.0521327014218,71.09004739336493,75.35545023696682
5bb1a1c4,31.27962085308057,99.0521327014218,20.853080568720387,49.76303317535545,71.77033492822967,30.33175355450237,91.9431279620853,28.909952606635073,21.32701421800948
23eeb873,44.07582938388626,84.83412322274881,46.44549763033176,51.65876777251185,51.196172248803826,51.18483412322275,87.20379146919431,29.857819905213262,51.18483412322275
fb66ce1f,79.14691943127961,84.83412322274881,79.62085308056872,64.45497630331754,68.42105263157895,83.88625592417061,74.40758293838863,58.29383886255924,82.46445497630332
eef2536f,75.35545023696683,84.83412322274881,74.40758293838863,16.587677725118482,10.047846889952154,55.45023696682465,43.127962085308056,15.165876777251185,53.08056872037915
4329fbb5,38.862559241706165,84.83412322274881,42.654028436018955,66.35071090047393,78.4688995215311,56.872037914691944,78.67298578199052,49.28909952606635,54.976303317535546
a2f46292,82.46445497630332,45.497630331753555,79.14691943127963,27.96208530805687,42.58373205741627,28.43601895734598,89.0995260663507,13.744075829383888,66.35071090047393
85e0cf10,75.82938388625593,84.83412322274881,71.56398104265404,25.59241706161137,50.239234449760765,32.70142180094787,77.25118483412322,16.113744075829388,56.872037914691944
c3d1402f,71.09004739336493,84.83412322274881,68.24644549763033,67.29857819905213,79.90430622009569,72.51184834123222,92.41706161137441,47.86729857819905,74.40758293838863
e938e1bc,26.540284360189574,45.497630331753555,10.426540284360186,74.40758293838863,89.95215311004785,32.22748815165876,95.260663507109,54.502369668246445,18.00947867298578
6c6591ab,53.55450236966824,45.497630331753555,48.34123222748815,88.62559241706161,47.84688995215311,60.18957345971564,55.45023696682464,90.521327014218,73.45971563981043
ded9240e,68.24644549763033,84.83412322274881,57.34597156398104,30.805687203791464,29.665071770334933,41.232227488151665,58.29383886255924,26.540284360189574,43.127962085308056
d2a989fc,45.023696682464454,84.83412322274881,57.81990521327014,51.18483412322275,65.07177033492823,50.71090047393365,85.30805687203792,33.175355450236964,57.34597156398104
c3d35165,52.13270142180095,84.83412322274881,62.55924170616114,55.45023696682465,41.6267942583732,63.03317535545024,67.77251184834124,42.654028436018955,64.45497630331754
5574750c,86.25592417061611,45.497630331753555,74.88151658767772,54.976303317535546,76.55502392344498,49.28909952606635,92.89099526066352,36.492890995260666,75.82938388625593
df064e1a,51.65876777251185,84.83412322274881,45.97156398104265,50.236966824644554,38.75598086124402,61.611374407582936,30.80568720379147,63.03317535545024,47.86729857819905
119678fd,48.81516587677725,84.83412322274881,73.45971563981043,48.34123222748815,72.2488038277512,19.431279620853076,26.066350710900476,65.40284360189574,70.14218009478674
acee4cc4,95.260663507109,84.83412322274881,92.41706161137441,72.98578199052133,12.440191387559807,67.77251184834122,28.90995260663507,84.83412322274881,97.1563981042654
dbe50b21,22.274881516587676,99.0521327014218,47.39336492890995,16.113744075829388,10.526315789473685,9.478672985781984,34.12322274881517,21.32701421800948,29.857819905213262
5fa06777,28.90995260663507,45.497630331753555,19.90521327014217,71.09004739336493,80.86124401913875,64.45497630331754,88.15165876777252,45.497630331753555,31.279620853080573
5bb5a915,72.03791469194313,84.83412322274881,51.18483412322275,77.25118483412322,83.25358851674642,65.87677725118483,94.7867298578199,52.60663507109005,67.77251184834122
3fb19989,93.8388625592417,99.0521327014218,93.36492890995261,32.22748815165876,34.44976076555024,77.72511848341233,83.41232227488152,21.800947867298575,90.99526066350711
b2b50355,62.55924170616114,99.0521327014218,67.29857819905213,62.55924170616114,83.73205741626793,41.70616113744076,63.03317535545023,60.18957345971564,70.61611374407583
2ed569a0,47.39336492890995,84.83412322274881,37.44075829383886,71.56398104265404,56.45933014354067,90.04739336492891,35.54502369668246,80.09478672985782,54.02843601895735
f0f628c7,79.62085308056872,99.0521327014218,78.19905213270142,81.51658767772511,79.42583732057416,34.12322274881517,94.3127962085308,54.976303317535546,91.4691943127962
ce794613,57.345971563981045,84.83412322274881,48.81516587677726,18.483412322274887,39.23444976076556,40.758293838862556,10.90047393364929,30.805687203791464,33.64928909952607
03806cf8,94.7867298578199,84.83412322274881,90.04739336492891,41.232227488151665,45.933014354066984,42.18009478672986,90.04739336492891,17.535545023696685,88.15165876777252
51a3c5ef,91.4691943127962,84.83412322274881,81.04265402843602,45.497630331753555,61.24401913875598,74.88151658767772,79.14691943127961,35.54502369668246,77.72511848341233
33a364a6,28.436018957345972,84.83412322274881,33.175355450236964,86.25592417061611,0.4784688995215305,81.04265402843602,4.739336492890995,98.1042654028436,58.76777251184834
0f721006,85.30805687203792,84.83412322274881,82.93838862559241,43.127962085308056,33.014354066985646,58.76777251184834,38.862559241706165,48.81516587677726,79.14691943127963
66b30f71,43.127962085308056,84.83412322274881,44.07582938388626,55.92417061611374,77.51196172248804,18.483412322274887,84.83412322274881,39.81042654028436,48.34123222748815
a757b0d8,14.218009478672986,84.83412322274881,45.497630331753555,33.175355450236964,14.83253588516746,27.96208530805687,3.7914691943127963,63.981042654028435,38.38862559241706
3d7e087f,37.44075829383886,84.83412322274881,31.753554502369667,79.62085308056872,28.708133971291872,73.45971563981043,35.07109004739337,86.25592417061611,53.55450236966824
86dc8f2e,24.170616113744074,45.497630331753555,15.63981042654028,67.77251184834122,70.8133971291866,44.54976303317536,50.23696682464455,62.08530805687204,20.853080568720387
0a8fce53,67.77251184834124,84.83412322274881,52.60663507109005,59.71563981042654,74.16267942583733,73.93364928909952,56.39810426540285,61.611374407582936,59.241706161137444
7dc35884,40.758293838862556,45.497630331753555,29.857819905213262,84.36018957345972,62.67942583732057,58.29383886255924,36.018957345971565,86.72985781990522,54.502369668246445
4ba44e19,49.763033175355446,45.497630331753555,25.59241706161137,98.5781990521327,94.73684210526316,91.4691943127962,79.62085308056872,98.5781990521327,68.24644549763033
acdc62f5,87.67772511848341,45.497630331753555,77.72511848341233,21.800947867298575,48.803827751196174,45.023696682464454,72.98578199052133,19.431279620853076,63.981042654028435
f5180fe6,74.88151658767772,45.497630331753555,63.981042654028435,53.08056872037915,59.80861244019139,60.66350710900474,93.36492890995261,27.96208530805687,62.55924170616114
efc04be7,81.99052132701422,84.83412322274881,80.09478672985782,57.34597156398104,17.224880382775126,92.41706161137441,30.33175355450237,71.56398104265404,81.51658767772511
e94915e6,45.497630331753555,84.83412322274881,49.76303317535545,8.056872037914701,42.10526315789473,15.165876777251185,18.48341232227488,8.530805687203795,25.118483412322277
808f425a,53.08056872037915,99.0521327014218,56.872037914691944,36.492890995260666,62.20095693779905,47.39336492890995,40.28436018957346,47.39336492890995,47.39336492890995
dcf81436,63.98104265402843,84.83412322274881,55.92417061611374,40.758293838862556,22.966507177033492,76.30331753554502,25.59241706161137,38.38862559241706,48.81516587677726
bb18be76,64.92890995260665,84.83412322274881,53.08056872037915,90.99526066350711,8.133971291866033,71.56398104265404,52.60663507109005,93.8388625592417,78.19905213270142
46a9bea1,61.61137440758294,84.83412322274881,65.40284360189574,3.317535545023702,27.272727272727266,13.744075829383888,47.39336492890995,2.8436018957345937,27.014218009478668
2f9d0389,57.345971563981045,84.83412322274881,53.55450236966824,17.535545023696685,20.57416267942584,26.540284360189574,63.507109004739334,18.483412322274887,34.59715639810426
7a8bd078,59.241706161137444,84.83412322274881,73.93364928909952,57.81990521327014,46.889952153110045,99.5260663507109,16.587677725118482,73.93364928909952,74.88151658767772
9d80c5e1,18.48341232227488,45.497630331753555,7.109004739336484,80.56872037914692,45.45454545454546,57.81990521327014,19.431279620853083,89.0995260663507,15.63981042654028
56ab442f,89.57345971563981,84.83412322274881,81.99052132701422,76.77725118483411,78.94736842105263,63.507109004739334,93.8388625592417,48.34123222748815,92.41706161137441
64839cb3,97.1563981042654,84.83412322274881,96.6824644549763,39.33649289099526,99.04306220095694,84.36018957345972,54.02843601895735,68.72037914691943,94.7867298578199
c8179c68,32.22748815165877,84.83412322274881,32.22748815165876,63.03317535545024,26.794258373205736,52.60663507109005,14.691943127962084,79.62085308056872,42.18009478672986
7c3b3b78,73.93364928909952,45.497630331753555,77.25118483412322,7.5829383886255926,25.837320574162675,44.07582938388626,52.13270142180095,5.213270142180093,50.236966824644554
13c35c9e,37.91469194312796,45.497630331753555,19.431279620853076,38.38862559241706,52.631578947368425,31.753554502369667,66.35071090047393,33.64928909952607,16.113744075829388
a97c8ec2,87.20379146919431,99.0521327014218,83.88625592417061,46.44549763033176,4.784688995215319,87.20379146919431,31.27962085308057,60.66350710900474,81.99052132701422
d9273ee7,12.796208530805686,84.83412322274881,62.08530805687204,5.6872037914692015,22.00956937799043,3.7914691943127963,5.213270142180095,18.95734597156398,29.383886255924168
81c36ee9,50.23696682464455,45.497630331753555,36.01895734597157,9.478672985781984,32.057416267942585,16.587677725118482,59.71563981042654,9.478672985781984,17.061611374407576
12eddf28,83.41232227488152,84.83412322274881,76.77725118483411,81.04265402843602,93.77990430622009,62.08530805687204,96.6824644549763,53.55450236966824,89.57345971563981
0c2730df,66.82464454976304,99.0521327014218,47.86729857819905,99.5260663507109,99.52153110047847,96.2085308056872,75.35545023696683,99.0521327014218,87.67772511848341
957532de,81.51658767772511,84.83412322274881,88.15165876777252,56.39810426540284,66.02870813397129,51.65876777251185,68.72037914691943,40.28436018957346,90.521327014218
0a3d54b9,39.81042654028436,45.497630331753555,36.96682464454977,28.909952606635073,37.79904306220095,21.800947867298575,78.19905213270142,20.853080568720387,28.43601895734598
7c7d63a2,96.2085308056872,99.0521327014218,90.521327014218,42.654028436018955,55.50239234449761,61.137440758293835,15.165876777251185,49.76303317535545,88.62559241706161
f834dcfc,100.0,84.83412322274881,97.6303317535545,47.39336492890995,54.54545454545455,79.62085308056872,71.09004739336493,41.70616113744076,97.6303317535545
32198ae0,21.32701421800948,45.497630331753555,35.54502369668246,58.76777251184834,44.97607655502392,54.502369668246445,19.90521327014218,59.71563981042654,44.07582938388626
3c6ffae8,7.5829383886255926,45.497630331753555,12.796208530805686,86.72985781990522,87.5598086124402,55.92417061611374,48.34123222748815,85.30805687203792,27.96208530805687
2cffab74,57.345971563981045,84.83412322274881,69.19431279620852,1.895734597156391,11.483253588516746,7.109004739336484,27.488151658767773,0.9478672985782026,23.222748815165872
7210d461,48.34123222748815,45.497630331753555,49.28909952606635,11.374407582938389,16.74641148325358,37.91469194312796,48.81516587677725,10.900473933649295,26.540284360189574
b681e71e,5.687203791469194,13.270142180094787,22.748815165876778,52.132701421800945,31.578947368421055,66.82464454976304,18.009478672985782,70.14218009478674,24.64454976303317
bb351c23,22.748815165876778,84.83412322274881,56.39810426540284,92.41706161137441,98.08612440191388,93.8388625592417,37.91469194312796,97.1563981042654,78.67298578199052
77b1aa15,88.62559241706161,45.497630331753555,90.99526066350711,12.796208530805686,13.397129186602868,53.55450236966824,72.51184834123224,6.63507109004739,76.30331753554502
5d9a1a73,42.65402843601896,45.497630331753555,31.279620853080573,94.7867298578199,84.21052631578948,69.19431279620852,53.08056872037915,93.36492890995261,66.82464454976304
f19ccfad,10.42654028436019,45.497630331753555,8.530805687203795,72.51184834123222,35.4066985645933,38.862559241706165,22.748815165876778,78.19905213270142,13.744075829383888
6b8eb6e5,42.65402843601896,45.497630331753555,43.60189573459715,59.241706161137444,77.99043062200957,25.59241706161137,97.6303317535545,38.862559241706165,50.71090047393365
85aae393,34.12322274881517,45.497630331753555,33.64928909952607,91.94312796208531,91.86602870813397,81.99052132701422,57.345971563981045,85.78199052132702,64.92890995260663
1a0c3177,80.56872037914692,84.83412322274881,72.98578199052133,54.02843601895735,53.588516746411486,31.279620853080573,74.88151658767772,41.232227488151665,72.03791469194313
9fc0ef64,41.70616113744076,45.497630331753555,37.91469194312796,36.96682464454977,39.71291866028708,48.81516587677726,66.82464454976304,32.22748815165876,33.175355450236964
c33d8116,90.99526066350711,99.0521327014218,85.78199052132702,46.91943127962085,57.41626794258373,47.86729857819905,86.25592417061611,35.071090047393355,83.41232227488152
2a2e6343,27.96208530805687,13.270142180094787,30.33175355450237,60.66350710900474,44.49760765550239,37.44075829383886,41.70616113744076,68.24644549763033,39.81042654028436
ae78bc32,34.59715639810427,45.497630331753555,26.540284360189574,36.01895734597157,28.22966507177034,29.383886255924168,76.30331753554502,20.379146919431278,22.27488151658767
3d8feaf8,68.72037914691943,84.83412322274881,96.2085308056872,44.07582938388626,29.186602870813388,21.32701421800948,23.696682464454977,50.71090047393365,95.73459715639811
a9fd84fb,43.60189573459716,84.83412322274881,63.03317535545024,20.379146919431278,,16.113744075829388,7.109004739336493,36.96682464454977,41.232227488151665
45c2196c,94.3127962085308,84.83412322274881,93.8388625592417,92.8909952606635,80.38277511961722,96.6824644549763,96.6824644549763,67.77251184834122,99.5260663507109
c05edf8e,27.488151658767773,84.83412322274881,30.805687203791464,64.92890995260663,7.1770334928229715,23.69668246445498,29.383886255924168,74.88151658767772,41.232227488151665
1c914163,6.161137440758294,84.83412322274881,26.06635071090048,83.88625592417061,,88.15165876777252,9.004739336492891,97.6303317535545,49.76303317535545
f24c6701,46.91943127962085,84.83412322274881,24.64454976303317,53.55450236966824,32.535885167464116,81.51658767772511,9.95260663507109,69.19431279620852,30.33175355450237
e2db2409,29.383886255924168,45.497630331753555,23.222748815165872,63.981042654028435,22.48803827751196,70.61611374407583,28.436018957345972,72.98578199052133,30.805687203791464
3a60e0b5,65.40284360189574,45.497630331753555,59.241706161137444,72.03791469194313,76.07655502392345,86.72985781990522,87.67772511848341,55.92417061611374,69.66824644549763
f62772e5,30.33175355450237,84.83412322274881,52.132701421800945,69.19431279620852,15.789473684210535,17.061611374407576,32.22748815165877,78.67298578199052,65.40284360189574
5750bcb4,99.52606635071089,84.83412322274881,98.1042654028436,18.00947867298578,9.569377990430624,45.497630331753555,39.81042654028436,24.170616113744074,93.36492890995261
5d2eea49,57.345971563981045,45.497630331753555,42.18009478672986,4.739336492890999,3.3492822966507134,30.805687203791464,51.18483412322274,6.161137440758296,16.587677725118482
c7a995d3,84.36018957345972,84.83412322274881,99.5260663507109,26.06635071090048,1.913875598086122,25.118483412322277,8.056872037914692,56.39810426540284,96.2085308056872
557153ca,92.41706161137441,84.83412322274881,83.41232227488152,68.72037914691943,90.9090909090909,83.41232227488152,46.44549763033176,80.56872037914692,91.94312796208531
39a2dfa8,13.744075829383887,45.497630331753555,17.061611374407576,66.82464454976304,59.33014354066985,97.1563981042654,12.322274881516588,83.88625592417061,22.748815165876778
14f96089,96.6824644549763,100.0,97.1563981042654,49.28909952606635,94.25837320574163,11.374407582938389,8.530805687203792,72.51184834123222,96.6824644549763
fcc21ace,86.7298578199052,45.497630331753555,92.8909952606635,5.213270142180093,12.918660287081337,22.748815165876778,64.92890995260665,1.895734597156391,72.51184834123222
abfeb126,9.004739336492891,45.497630331753555,1.4218009478672968,91.4691943127962,82.29665071770334,89.0995260663507,36.492890995260666,94.7867298578199,3.7914691943127963
0f12f9df,36.492890995260666,45.497630331753555,38.38862559241706,34.59715639810426,66.50717703349282,11.848341232227483,27.014218009478675,28.43601895734598,32.70142180094787
4c5d73db,97.6303317535545,45.497630331753555,99.0521327014218,27.014218009478668,24.401913875598098,27.488151658767762,65.40284360189574,15.63981042654028,94.31279620853081
e4a0deae,36.018957345971565,45.497630331753555,34.12322274881517,81.99052132701422,40.66985645933015,68.72037914691943,42.65402843601896,76.77725118483411,58.29383886255924
ffe699c0,40.28436018957346,84.83412322274881,40.758293838862556,10.426540284360186,17.224880382775126,15.63981042654028,21.32701421800948,22.27488151658767,19.431279620853076
c38d3503,46.44549763033176,84.83412322274881,44.54976303317536,35.54502369668246,48.325358851674636,28.909952606635073,75.82938388625593,32.70142180094787,38.862559241706165
b8527c3d,76.77725118483413,84.83412322274881,88.62559241706161,4.2654028436018905,21.05263157894737,36.96682464454977,11.848341232227488,7.109004739336484,61.137440758293835
81c08fa3,72.51184834123224,99.0521327014218,86.72985781990522,15.165876777251185,0.0,29.857819905213262,90.99526066350711,4.2654028436018905,71.09004739336493
9a158001,89.0995260663507,45.497630331753555,75.82938388625593,70.61611374407583,88.03827751196172,56.39810426540284,62.08530805687204,64.45497630331754,82.93838862559241
fa463154,18.95734597156398,45.497630331753555,14.691943127962077,31.753554502369667,17.224880382775126,43.127962085308056,33.649289099526065,34.12322274881517,10.426540284360186
c404f58a,51.18483412322274,45.497630331753555,32.70142180094787,90.04739336492891,96.65071770334929,80.09478672985782,98.10426540284361,66.35071090047393,61.611374407582936
5b040b81,83.88625592417061,84.83412322274881,87.67772511848341,69.66824644549763,89.47368421052632,39.33649289099526,84.36018957345972,52.132701421800945,93.8388625592417
d7c6af50,31.753554502369667,45.497630331753555,12.322274881516591,97.1563981042654,88.51674641148325,88.62559241706161,47.867298578199055,96.6824644549763,39.33649289099526
e087956b,25.118483412322274,45.497630331753555,24.170616113744074,40.28436018957346,17.224880382775126,57.34597156398104,45.97156398104265,37.91469194312796,20.379146919431278
6aed7e79,35.07109004739337,84.83412322274881,29.383886255924168,73.45971563981043,31.100478468899524,14.218009478672982,13.270142180094787,81.99052132701422,45.497630331753555
896d78ad,13.270142180094787,84.83412322274881,9.00473933649289,56.872037914691944,26.31578947368422,74.40758293838863,7.5829383886255926,67.29857819905213,9.952606635071092
ab89348d,92.89099526066352,45.497630331753555,94.31279620853081,84.83412322274881,69.85645933014354,70.14218009478674,80.56872037914692,75.82938388625593,98.5781990521327
4b31f3a3,84.83412322274881,99.0521327014218,84.83412322274881,1.4218009478672968,4.306220095693774,13.270142180094794,22.274881516587676,3.7914691943127963,44.54976303317536
f9e6e7ef,8.056872037914692,45.497630331753555,25.118483412322277,6.63507109004739,7.655502392344488,42.654028436018955,1.4218009478672986,26.06635071090048,10.900473933649295
9440ef41,19.431279620853083,45.497630331753555,6.161137440758296,30.33175355450237,64.11483253588517,63.981042654028435,15.639810426540285,37.44075829383886,5.213270142180093
35205dfc,9.47867298578199,84.83412322274881,58.29383886255924,25.118483412322277,2.3923444976076524,5.6872037914692015,20.379146919431278,31.753554502369667,40.28436018957346
2a72fd4f,50.71090047393365,45.497630331753555,64.45497630331754,65.40284360189574,38.27751196172249,93.36492890995261,60.18957345971564,65.87677725118483,69.19431279620852
54e52590,62.08530805687204,45.497630331753555,66.35071090047393,2.3696682464454994,1.4354066985645915,9.00473933649289,2.843601895734597,9.00473933649289,21.800947867298575
7c503806,24.644549763033176,45.497630331753555,11.848341232227483,95.73459715639811,50.717703349282296,92.8909952606635,63.98104265402843,94.31279620853081,35.071090047393355
765a4731,63.03317535545023,84.83412322274881,70.61611374407583,10.900473933649295,25.358851674641144,7.5829383886255926,83.88625592417061,3.317535545023702,42.654028436018955
c0c411cb,99.0521327014218,84.83412322274881,94.7867298578199,19.90521327014217,6.698564593301441,68.24644549763033,44.07582938388626,31.279620853080573,86.72985781990522
26a85969,19.90521327014218,13.270142180094787,16.113744075829388,61.137440758293835,55.02392344497608,43.60189573459715,17.535545023696685,75.35545023696682,19.90521327014217
dd09ff8e,16.113744075829384,45.497630331753555,2.8436018957345937,82.46445497630332,84.68899521531101,86.25592417061611,95.73459715639811,62.55924170616114,6.161137440758296
1dc12ab9,2.843601895734597,13.270142180094787,1.895734597156391,87.20379146919431,60.76555023923445,82.46445497630332,17.061611374407583,91.94312796208531,4.2654028436018905
db31895a,33.175355450236964,99.0521327014218,43.127962085308056,17.061611374407576,27.75119617224881,17.535545023696685,72.03791469194313,9.952606635071092,26.06635071090048
f708a0bc,70.14218009478674,84.83412322274881,66.82464454976304,82.93838862559241,88.99521531100478,94.7867298578199,53.55450236966824,88.62559241706161,80.09478672985782
addfb70e,70.14218009478674,45.497630331753555,60.18957345971564,60.18957345971564,85.64593301435407,95.260663507109,97.1563981042654,57.81990521327014,63.507109004739334
4bd09374,93.36492890995261,99.0521327014218,95.73459715639811,3.7914691943127963,43.0622009569378,46.91943127962085,11.374407582938389,14.691943127962077,76.77725118483411
2e8994e7,4.265402843601896,84.83412322274881,7.5829383886255926,87.67772511848341,67.94258373205741,53.08056872037915,40.758293838862556,90.99526066350711,17.535545023696685
21d4e29b,20.379146919431278,45.497630331753555,8.056872037914701,26.540284360189574,36.36363636363637,69.66824644549763,85.78199052132702,14.218009478672982,5.6872037914692015
eaa76d3c,10.90047393364929,13.270142180094787,23.69668246445498,14.218009478672982,15.311004784689004,8.530805687203795,45.497630331753555,16.587677725118482,11.848341232227483
871e9faf,39.81042654028436,45.497630331753555,27.488151658767762,7.109004739336484,13.875598086124398,10.900473933649295,10.42654028436019,11.848341232227483,13.270142180094794
bd17b45f,2.3696682464454977,13.270142180094787,13.744075829383888,78.67298578199052,65.55023923444976,48.34123222748815,29.85781990521327,73.45971563981043,25.59241706161137
f3171936,91.9431279620853,45.497630331753555,87.20379146919431,74.88151658767772,96.17224880382776,14.691943127962077,99.52606635071089,42.18009478672986,95.260663507109
64d43928,100.0,100.0,100.0,100.0,97.12918660287082,99.0521327014218,100.0,83.41232227488152,100.0
465aa633,77.25118483412322,13.270142180094787,85.30805687203792,9.00473933649289,16.26794258373205,95.73459715639811,91.4691943127962,5.6872037914692015,63.03317535545024
90de905a,11.374407582938389,13.270142180094787,10.900473933649295,54.502369668246445,30.143540669856463,4.739336492890999,49.763033175355446,50.71090047393365,12.796208530805686
05c2ca46,57.345971563981045,45.497630331753555,51.65876777251185,98.1042654028436,17.224880382775126,91.94312796208531,42.18009478672986,99.5260663507109,86.25592417061611
93a17209,86.25592417061611,84.83412322274881,91.94312796208531,31.279620853080573,2.870813397129197,98.5781990521327,55.92417061611374,39.33649289099526,85.30805687203792
b0946605,49.763033175355446,100.0,58.76777251184834,12.322274881516591,5.26315789473685,62.08530805687204,67.29857819905213,13.270142180094794,31.753554502369667
2cdce1be,57.345971563981045,45.497630331753555,41.232227488151665,41.70616113744076,86.1244019138756,40.28436018957346,31.753554502369667,61.137440758293835,36.01895734597157
7d92277a,57.345971563981045,45.497630331753555,40.28436018957346,50.71090047393365,73.20574162679426,10.426540284360186,34.59715639810427,72.03791469194313,40.758293838862556
bd77eb62,17.535545023696685,45.497630331753555,16.587677725118482,78.19905213270142,98.56459330143541,26.06635071090048,64.45497630331754,77.72511848341233,27.488151658767762
64775749,64.92890995260665,13.270142180094787,60.66350710900474,13.744075829383888,36.8421052631579,35.54502369668246,71.56398104265402,10.426540284360186,34.12322274881517
9eb1455b,73.45971563981043,84.83412322274881,67.29857819905213,38.38862559241706,72.72727272727273,23.222748815165872,16.113744075829384,55.45023696682465,57.81990521327014
dfc4d8b5,90.99526066350711,45.497630331753555,82.46445497630332,45.97156398104265,82.77511961722487,24.170616113744074,73.45971563981043,40.758293838862556,79.62085308056872
80b2fb19,47.867298578199055,45.497630331753555,28.43601895734598,20.853080568720387,35.88516746411483,19.90521327014217,46.91943127962085,25.118483412322277,18.95734597156398
13fc5c6d,32.70142180094787,13.270142180094787,9.478672985781984,22.27488151658767,23.444976076555022,33.64928909952607,3.3175355450236967,43.127962085308056,6.63507109004739
3edb58fc,98.10426540284361,99.0521327014218,91.4691943127962,95.260663507109,64.59330143540669,50.236966824644554,81.99052132701422,84.36018957345972,99.0521327014218
4933f499,73.45971563981043,45.497630331753555,71.09004739336493,23.222748815165872,41.14832535885168,8.056872037914701,69.66824644549763,12.796208530805686,55.45023696682465
4125d931,41.70616113744076,13.270142180094787,41.70616113744076,42.18009478672986,33.49282296650718,0.9478672985782026,24.644549763033176,56.872037914691944,37.44075829383886
12314277,23.22274881516588,45.497630331753555,54.976303317535546,0.4739336492891084,5.741626794258366,6.161137440758296,60.66350710900474,0.0,12.322274881516591
db584dad,4.739336492890995,45.497630331753555,4.2654028436018905,68.24644549763033,66.98564593301435,85.30805687203792,38.388625592417064,83.41232227488152,9.478672985781984
e0407c01,26.066350710900476,13.270142180094787,18.95734597156398,77.72511848341233,81.81818181818181,21.800947867298575,98.5781990521327,29.383886255924168,32.22748815165876
bcce309e,94.7867298578199,45.497630331753555,93.8388625592417,81.04265402843602,93.30143540669856,11.374407582938389,98.10426540284361,41.232227488151665,98.5781990521327
69be866a,30.80568720379147,45.497630331753555,34.59715639810426,22.748815165876778,75.11961722488039,18.00947867298578,51.65876777251185,23.69668246445498,23.69668246445498
d8b2f218,26.066350710900476,45.497630331753555,15.165876777251185,14.691943127962077,24.880382775119614,71.09004739336493,45.023696682464454,23.222748815165872,7.5829383886255926
1c2a64cd,40.758293838862556,45.497630331753555,99.5260663507109,23.222748815165872,0.0,46.91943127962085,10.42654028436019,53.55450236966824,94.31279620853081
c18496e1,12.322274881516588,13.270142180094787,21.800947867298575,61.611374407582936,93.30143540669856,0.4739336492891084,13.744075829383887,82.46445497630332,28.909952606635073
c5aef772,12.322274881516588,45.497630331753555,50.71090047393365,0.0,17.224880382775126,3.317535545023702,6.161137440758294,0.4739336492891084,8.056872037914701
d45c29b1,100.0,84.83412322274881,100.0,0.9478672985782026,1.913875598086122,0.9478672985782026,12.322274881516588,0.9478672985782026,98.5781990521327
342d8ade,100.0,84.83412322274881,100.0,79.14691943127963,88.99521531100478,76.77725118483411,95.73459715639811,63.03317535545024,100.0
b57f8a9a,35.07109004739337,84.83412322274881,100.0,72.51184834123222,33.49282296650718,92.41706161137441,23.696682464454977,87.20379146919431,100.0
68c56d09,66.35071090047393,45.497630331753555,75.35545023696682,2.8436018957345937,11.961722488038276,4.2654028436018905,61.61137440758294,1.4218009478672968,37.91469194312796
aa8d28ae,66.35071090047393,84.83412322274881,76.77725118483411,29.857819905213262,80.86124401913875,40.758293838862556,5.687203791469194,34.12322274881517,65.87677725118483
4353bba5,93.8388625592417,84.83412322274881,100.0,32.70142180094787,72.72727272727273,11.848341232227483,90.99526066350711,22.27488151658767,98.1042654028436
8f6dd463,34.12322274881517,13.270142180094787,28.909952606635073,9.952606635071092,8.133971291866033,20.379146919431278,39.33649289099526,7.5829383886255926,14.218009478672982
62af8546,15.639810426540285,84.83412322274881,11.374407582938389,83.41232227488152,92.3444976076555,36.01895734597157,49.28909952606635,81.04265402843602,24.170616113744074
e4cdf230,18.009478672985782,13.270142180094787,46.91943127962085,29.857819905213262,9.090909090909093,72.98578199052133,23.22274881516588,46.91943127962085,35.54502369668246
740742ef,3.7914691943127963,84.83412322274881,36.01895734597157,63.507109004739334,57.89473684210527,76.77725118483411,1.8957345971563981,90.99526066350711,46.91943127962085
9ca68676,93.8388625592417,13.270142180094787,94.7867298578199,4.2654028436018905,3.3492822966507134,4.739336492890999,7.5829383886255926,8.530805687203795,75.35545023696682
280fff14,93.8388625592417,84.83412322274881,89.0995260663507,14.218009478672982,10.047846889952154,85.30805687203792,30.33175355450237,35.071090047393355,72.03791469194313
b1451597,8.530805687203792,45.497630331753555,54.02843601895735,43.60189573459715,0.956937799043061,75.35545023696682,54.502369668246445,54.02843601895735,51.65876777251185
3204c99f,66.82464454976304,84.83412322274881,79.62085308056872,2.8436018957345937,5.26315789473685,36.01895734597157,55.45023696682464,2.3696682464454994,38.862559241706165
59559bc2,67.29857819905213,84.83412322274881,99.5260663507109,7.109004739336484,0.4784688995215305,44.07582938388626,28.90995260663507,30.33175355450237,86.25592417061611
b552a935,44.54976303317535,45.497630331753555,38.862559241706165,73.93364928909952,92.82296650717703,36.01895734597157,82.46445497630332,64.92890995260663,56.39810426540284
ece7b6b3,100.0,84.83412322274881,100.0,0.4739336492891084,1.913875598086122,32.70142180094787,69.19431279620854,0.0,95.260663507109
caf69bf7,38.388625592417064,84.83412322274881,18.00947867298578,35.071090047393355,85.16746411483254,2.3696682464454994,71.09004739336493,45.97156398104265,15.165876777251185
2049f3a0,57.345971563981045,13.270142180094787,64.92890995260663,15.63981042654028,25.358851674641144,60.18957345971564,56.872037914691944,11.374407582938389,38.862559241706165
2498e163,21.32701421800948,13.270142180094787,18.00947867298578,21.32701421800948,33.49282296650718,9.952606635071092,18.95734597156398,30.33175355450237,11.374407582938389
133bbd61,67.29857819905213,13.270142180094787,69.66824644549763,6.161137440758296,3.3492822966507134,48.81516587677726,10.42654028436019,8.056872037914701,34.59715639810426
d68e7f48,77.25118483412322,45.497630331753555,75.82938388625593,97.1563981042654,98.08612440191388,10.900473933649295,100.0,81.51658767772511,96.2085308056872
2e78f685,77.25118483412322,84.83412322274881,85.78199052132702,9.478672985781984,31.578947368421055,4.739336492890999,51.65876777251185,8.530805687203795,65.40284360189574
b410bd3d,97.6303317535545,45.497630331753555,91.94312796208531,50.71090047393365,33.49282296650718,29.383886255924168,48.81516587677725,48.34123222748815,93.8388625592417
e342e5fb,30.33175355450237,45.497630331753555,69.66824644549763,28.43601895734598,59.33014354066985,38.38862559241706,8.530805687203792,36.01895734597157,54.976303317535546
e86754b2,57.345971563981045,45.497630331753555,78.67298578199052,0.9478672985782026,17.224880382775126,7.109004739336484,0.47393364928909953,7.5829383886255926,31.753554502369667
25228673,80.56872037914692,45.497630331753555,97.6303317535545,2.8436018957345937,3.3492822966507134,83.41232227488152,6.161137440758294,14.691943127962077,79.14691943127963
172dff15,100.0,84.83412322274881,100.0,18.00947867298578,3.827751196172244,43.127962085308056,85.78199052132702,24.170616113744074,99.0521327014218
b483905d,67.77251184834124,45.497630331753555,74.40758293838863,6.161137440758296,20.57416267942584,0.9478672985782026,51.18483412322274,1.4218009478672968,40.28436018957346
aad0c365,7.109004739336493,13.270142180094787,22.27488151658767,0.9478672985782026,6.220095693779911,6.63507109004739,6.6350710900473935,4.739336492890999,4.739336492890999
327b58d3,15.165876777251185,13.270142180094787,5.213270142180093,6.161137440758296,21.5311004784689,12.322274881516591,68.24644549763033,2.3696682464454994,2.3696682464454994
50c6bc2b,5.213270142180095,45.497630331753555,26.540284360189574,24.64454976303317,97.12918660287082,99.0521327014218,0.9478672985781991,46.44549763033176,18.483412322274887
d1c94b25,100.0,45.497630331753555,100.0,93.8388625592417,87.5598086124402,92.8909952606635,98.10426540284361,67.77251184834122,100.0
f233bbb4,13.744075829383887,45.497630331753555,36.01895734597157,66.35071090047393,3.827751196172244,79.14691943127963,6.161137440758294,90.04739336492891,48.81516587677726
5d096f3d,7.109004739336493,13.270142180094787,3.7914691943127963,85.78199052132702,69.377990430622,71.56398104265404,73.93364928909952,82.46445497630332,9.00473933649289
5ffc0565,23.22274881516588,13.270142180094787,41.70616113744076,7.109004739336484,22.00956937799043,100.0,8.056872037914692,29.383886255924168,18.483412322274887
f6d8a7ab,26.066350710900476,13.270142180094787,30.33175355450237,39.81042654028436,0.4784688995215305,8.530805687203795,11.374407582938389,59.71563981042654,26.06635071090048
dc4686e6,29.383886255924168,84.83412322274881,24.170616113744074,63.03317535545024,68.42105263157895,64.92890995260663,18.95734597156398,65.40284360189574,31.753554502369667
2af1b6d2,21.80094786729858,13.270142180094787,9.952606635071092,37.44075829383886,70.33492822966508,49.76303317535545,59.241706161137444,53.08056872037915,8.530805687203795
c654af19,17.535545023696685,13.270142180094787,6.63507109004739,18.95734597156398,37.32057416267942,46.44549763033176,43.60189573459716,11.374407582938389,2.8436018957345937
034b4b7d,17.535545023696685,45.497630331753555,5.6872037914692015,24.170616113744074,3.827751196172244,85.78199052132702,21.80094786729858,27.014218009478668,2.8436018957345937
16dfcc19,100.0,84.83412322274881,100.0,57.34597156398104,99.52153110047847,31.753554502369667,89.57345971563981,70.61611374407583,100.0
1647bd37,92.41706161137441,84.83412322274881,86.72985781990522,14.218009478672982,0.4784688995215305,4.2654028436018905,12.322274881516588,42.18009478672986,70.14218009478674
ee7d0c82,36.018957345971565,84.83412322274881,13.744075829383888,99.0521327014218,97.60765550239235,65.87677725118483,100.0,69.66824644549763,52.132701421800945
9f961c14,29.383886255924168,13.270142180094787,48.81516587677726,6.161137440758296,17.224880382775126,8.530805687203795,4.265402843601896,31.279620853080573,21.800947867298575
24d94623,9.95260663507109,13.270142180094787,4.739336492890999,89.0995260663507,90.9090909090909,12.796208530805686,58.767772511848335,92.41706161137441,14.691943127962077
88fccd6c,34.59715639810427,45.497630331753555,21.800947867298575,100.0,94.25837320574163,88.62559241706161,98.10426540284361,81.51658767772511,65.87677725118483
9061a703,57.345971563981045,84.83412322274881,58.76777251184834,29.857819905213262,15.311004784689004,48.81516587677726,51.18483412322274,28.909952606635073,43.127962085308056
7ca5e05d,28.436018957345972,45.497630331753555,75.82938388625593,44.54976303317536,,44.54976303317536,12.322274881516588,59.71563981042654,72.03791469194313
16043342,72.03791469194313,13.270142180094787,87.20379146919431,46.44549763033176,17.224880382775126,29.383886255924168,1.8957345971563981,63.03317535545024,86.25592417061611
245c97cb,72.03791469194313,45.497630331753555,74.40758293838863,6.161137440758296,56.45933014354067,43.60189573459715,41.70616113744076,4.2654028436018905,40.28436018957346
f752db61,72.03791469194313,13.270142180094787,70.61611374407583,25.59241706161137,30.143540669856463,61.137440758293835,48.34123222748815,25.59241706161137,55.45023696682465
30df8c66,28.436018957345972,45.497630331753555,44.54976303317536,4.739336492890999,11.483253588516746,36.01895734597157,92.41706161137441,1.895734597156391,17.061611374407576
e32d22f6,14.691943127962084,13.270142180094787,13.270142180094794,15.63981042654028,58.37320574162679,2.8436018957345937,61.61137440758294,8.056872037914701,7.109004739336484
8abdf100,7.109004739336493,13.270142180094787,13.744075829383888,2.8436018957345937,5.26315789473685,4.739336492890999,5.213270142180095,1.895734597156391,2.8436018957345937
529eb9e0,94.3127962085308,45.497630331753555,99.5260663507109,16.587677725118482,72.72727272727273,83.41232227488152,9.47867298578199,49.76303317535545,92.8909952606635
76388dc8,42.65402843601896,84.83412322274881,30.33175355450237,86.25592417061611,69.85645933014354,100.0,91.4691943127962,65.40284360189574,56.39810426540284
f29185a1,1.4218009478672986,13.270142180094787,3.317535545023702,23.69668246445498,17.224880382775126,0.0,4.265402843601896,45.023696682464454,1.895734597156391
c03c6200,9.95260663507109,84.83412322274881,47.86729857819905,29.857819905213262,36.36363636363637,5.6872037914692015,10.90047393364929,38.862559241706165,37.44075829383886
99b202b3,42.65402843601896,84.83412322274881,49.28909952606635,100.0,97.12918660287082,100.0,92.41706161137441,97.6303317535545,94.31279620853081
8d92a2c3,100.0,99.0521327014218,100.0,28.43601895734598,36.36363636363637,7.5829383886255926,92.89099526066352,24.170616113744074,100.0
fb2d1dda,2.843601895734597,13.270142180094787,45.023696682464454,24.64454976303317,3.827751196172244,99.0521327014218,8.056872037914692,26.540284360189574,34.12322274881517
ad427b5c,7.5829383886255926,13.270142180094787,9.478672985781984,31.279620853080573,9.569377990430624,62.08530805687204,7.109004739336493,59.71563981042654,7.5829383886255926
9caf69a1,7.5829383886255926,13.270142180094787,73.45971563981043,6.161137440758296,2.870813397129197,73.45971563981043,18.009478672985782,14.218009478672982,38.862559241706165
0a67aec0,22.274881516587676,45.497630331753555,11.374407582938389,0.0,5.26315789473685,0.4739336492891084,18.95734597156398,0.4739336492891084,1.4218009478672968
b2a79f17,72.03791469194313,13.270142180094787,89.0995260663507,3.7914691943127963,6.220095693779911,10.900473933649295,0.47393364928909953,18.483412322274887,61.137440758293835
d718440b,72.03791469194313,13.270142180094787,61.611374407582936,36.01895734597157,36.36363636363637,36.01895734597157,50.23696682464455,30.33175355450237,52.60663507109005
2e11c706,10.42654028436019,13.270142180094787,10.426540284360186,20.379146919431278,9.569377990430624,10.900473933649295,1.8957345971563981,22.27488151658767,7.109004739336484
73ad96ed,0.9478672985781991,13.270142180094787,0.9478672985782026,39.81042654028436,49.282296650717704,1.895734597156391,2.3696682464454977,63.507109004739334,1.4218009478672968
725529bc,7.109004739336493,13.270142180094787,12.796208530805686,68.72037914691943,3.3492822966507134,0.0,6.6350710900473935,81.51658767772511,17.061611374407576
dadbdb68,99.52606635071089,45.497630331753555,92.8909952606635,0.9478672985782026,0.956937799043061,0.0,66.82464454976304,0.9478672985782026,54.502369668246445
ef5da05c,26.066350710900476,45.497630331753555,9.00473933649289,94.31279620853081,100.0,10.900473933649295,71.09004739336493,84.36018957345972,22.748815165876778
dec8e038,40.758293838862556,13.270142180094787,26.540284360189574,59.71563981042654,24.880382775119614,90.04739336492891,24.170616113744074,65.87677725118483,34.12322274881517
cf0ccafa,57.345971563981045,13.270142180094787,58.76777251184834,21.800947867298575,72.72727272727273,21.800947867298575,12.322274881516588,46.44549763033176,38.862559241706165
b1ad996b,40.758293838862556,45.497630331753555,26.540284360189574,2.8436018957345937,3.827751196172244,71.56398104265404,91.9431279620853,1.895734597156391,9.00473933649289
4f629497,73.93364928909952,13.270142180094787,58.76777251184834,92.8909952606635,93.30143540669856,53.08056872037915,73.93364928909952,66.35071090047393,79.62085308056872
ee1b6c27,73.93364928909952,45.497630331753555,66.35071090047393,14.691943127962077,33.014354066985646,74.40758293838863,24.644549763033176,21.32701421800948,38.862559241706165
d92e42f5,19.431279620853083,84.83412322274881,26.540284360189574,66.35071090047393,33.49282296650718,7.109004739336484,12.322274881516588,80.09478672985782,37.44075829383886
f846de6a,30.80568720379147,45.497630331753555,27.488151658767762,65.87677725118483,93.77990430622009,40.28436018957346,55.45023696682464,65.40284360189574,38.862559241706165
04a418e8,0.47393364928909953,0.9478672985781991,2.3696682464454994,8.530805687203795,43.0622009569378,1.4218009478672968,0.47393364928909953,50.236966824644554,0.4739336492891084
4c4fa80b,73.93364928909952,13.270142180094787,48.81516587677726,100.0,99.52153110047847,85.30805687203792,63.98104265402843,98.5781990521327,90.521327014218
02dfebbe,73.93364928909952,13.270142180094787,66.35071090047393,16.587677725118482,0.956937799043061,99.5260663507109,1.4218009478672986,52.132701421800945,40.758293838862556
75224f22,73.93364928909952,45.497630331753555,79.62085308056872,35.071090047393355,17.224880382775126,87.67772511848341,18.95734597156398,76.77725118483411,72.51184834123222
3eac9d95,13.744075829383887,45.497630331753555,17.535545023696685,31.279620853080573,12.440191387559807,94.7867298578199,46.44549763033176,32.22748815165876,12.322274881516591
641ac5ff,73.93364928909952,45.497630331753555,64.92890995260663,98.5781990521327,29.186602870813388,99.0521327014218,47.867298578199055,100.0,93.8388625592417
b56dc5f7,91.4691943127962,45.497630331753555,89.0995260663507,15.165876777251185,3.827751196172244,81.04265402843602,48.81516587677725,25.59241706161137,74.40758293838863
7b44eb3e,19.431279620853083,45.497630331753555,17.535545023696685,10.426540284360186,0.0,9.952606635071092,1.4218009478672986,23.222748815165872,8.056872037914701
0994d0ae,3.3175355450236967,13.270142180094787,16.587677725118482,37.91469194312796,100.0,90.521327014218,21.80094786729858,62.08530805687204,13.744075829383888
6ef60d3a,57.345971563981045,45.497630331753555,82.46445497630332,47.86729857819905,27.75119617224881,68.72037914691943,89.57345971563981,30.33175355450237,79.62085308056872
0c432afb,73.93364928909952,45.497630331753555,86.25592417061611,35.071090047393355,6.220095693779911,56.872037914691944,85.30805687203792,24.64454976303317,79.62085308056872
cf73ad76,11.374407582938389,13.270142180094787,89.0995260663507,34.59715639810426,43.0622009569378,21.800947867298575,1.4218009478672986,50.236966824644554,81.99052132701422
0dc00542,40.758293838862556,45.497630331753555,66.35071090047393,82.93838862559241,90.9090909090909,53.08056872037915,43.127962085308056,80.09478672985782,79.62085308056872
a45a5e8d,4.739336492890995,45.497630331753555,20.379146919431278,46.44549763033176,3.827751196172244,62.08530805687204,8.056872037914692,72.03791469194313,19.431279620853076
4d7f517e,73.93364928909952,84.83412322274881,73.45971563981043,52.132701421800945,26.31578947368422,91.94312796208531,54.02843601895735,49.76303317535545,72.03791469194313
fd835ab3,1.8957345971563981,13.270142180094787,0.4739336492891084,27.488151658767762,10.526315789473685,5.213270142180093,5.687203791469194,57.34597156398104,0.0
ea0cdc12,29.383886255924168,13.270142180094787,5.6872037914692015,94.31279620853081,98.56459330143541,73.45971563981043,16.587677725118482,99.5260663507109,20.379146919431278
4885bbe6,40.28436018957346,45.497630331753555,85.78199052132702,0.9478672985782026,5.741626794258366,7.109004739336484,72.98578199052133,0.0,37.91469194312796
c64c2443,23.22274881516588,13.270142180094787,26.540284360189574,31.279620853080573,99.52153110047847,13.744075829383888,0.47393364928909953,70.14218009478674,20.853080568720387
d2340a43,57.345971563981045,45.497630331753555,75.82938388625593,61.137440758293835,93.30143540669856,11.848341232227483,77.72511848341233,62.08530805687204,78.67298578199052
29d72eb2,13.744075829383887,13.270142180094787,4.2654028436018905,68.72037914691943,90.9090909090909,0.9478672985782026,91.9431279620853,52.60663507109005,9.00473933649289
81049310,3.3175355450236967,0.9478672985781991,0.0,96.6824644549763,61.72248803827751,98.1042654028436,69.19431279620854,95.260663507109,0.9478672985782026
57efa3be,23.22274881516588,45.497630331753555,13.744075829383888,78.67298578199052,94.25837320574163,28.43601895734598,65.87677725118483,72.03791469194313,24.170616113744074
edb3d4f8,23.22274881516588,13.270142180094787,13.744075829383888,9.478672985781984,3.3492822966507134,95.73459715639811,4.739336492890995,38.862559241706165,6.63507109004739
ac5ae4af,29.383886255924168,13.270142180094787,44.54976303317536,8.530805687203795,1.913875598086122,67.29857819905213,2.843601895734597,20.379146919431278,21.32701421800948
b2ae53f5,92.41706161137441,13.270142180094787,88.62559241706161,93.8388625592417,98.56459330143541,44.07582938388626,91.9431279620853,87.20379146919431,98.1042654028436
cdc6bdba,29.383886255924168,45.497630331753555,52.60663507109005,24.170616113744074,29.186602870813388,,92.41706161137441,9.00473933649289,37.91469194312796
9219eff0,13.744075829383887,45.497630331753555,13.744075829383888,17.061611374407576,3.3492822966507134,0.0,10.42654028436019,19.90521327014217,8.056872037914701
e03b66ec,57.345971563981045,13.270142180094787,26.540284360189574,17.061611374407576,10.047846889952154,44.54976303317536,52.13270142180095,8.056872037914701,16.587677725118482
91ffa6c6,7.109004739336493,13.270142180094787,6.63507109004739,76.77725118483411,72.72727272727273,4.739336492890999,39.33649289099526,80.09478672985782,14.218009478672982
3b53243a,7.5829383886255926,13.270142180094787,1.4218009478672968,0.4739336492891084,2.3923444976076524,28.909952606635073,12.322274881516588,0.4739336492891084,0.0
66cf56a5,3.3175355450236967,13.270142180094787,0.4739336492891084,6.161137440758296,33.49282296650718,10.900473933649295,18.009478672985782,20.379146919431278,0.0
39f01cdb,7.5829383886255926,13.270142180094787,23.222748815165872,86.25592417061611,99.52153110047847,44.07582938388626,15.639810426540285,99.5260663507109,44.07582938388626
e412cb64,38.388625592417064,13.270142180094787,32.22748815165876,32.70142180094787,97.60765550239235,7.5829383886255926,10.42654028436019,42.654028436018955,26.06635071090048
25eeb281,21.32701421800948,84.83412322274881,45.023696682464454,58.76777251184834,,57.81990521327014,8.056872037914692,78.19905213270142,54.02843601895735
983f2f61,7.109004739336493,13.270142180094787,32.22748815165876,29.383886255924168,26.31578947368422,,0.47393364928909953,67.77251184834122,26.06635071090048
be24ead0,77.25118483412322,45.497630331753555,100.0,3.7914691943127963,,52.60663507109005,0.47393364928909953,50.71090047393365,100.0
83c3e8e3,9.95260663507109,13.270142180094787,3.7914691943127963,2.8436018957345937,5.26315789473685,62.08530805687204,63.98104265402843,0.9478672985782026,0.9478672985782026
6ad3a659,77.25118483412322,13.270142180094787,74.88151658767772,0.9478672985782026,0.956937799043061,3.7914691943127963,0.47393364928909953,0.9478672985782026,27.488151658767762
350bb1b1,13.744075829383887,13.270142180094787,4.2654028436018905,8.530805687203795,12.440191387559807,45.497630331753555,35.54502369668246,8.530805687203795,1.895734597156391
798cc28e,57.345971563981045,13.270142180094787,74.40758293838863,2.8436018957345937,5.741626794258366,0.4739336492891084,31.27962085308057,9.00473933649289,31.753554502369667
6834d1f2,77.25118483412322,13.270142180094787,60.18957345971564,51.18483412322275,57.89473684210527,13.744075829383888,91.9431279620853,35.071090047393355,58.76777251184834
260fd380,57.345971563981045,13.270142180094787,48.34123222748815,64.92890995260663,75.59808612440192,62.08530805687204,73.45971563981043,63.03317535545024,58.76777251184834
20a941bb,27.96208530805687,84.83412322274881,5.6872037914692015,96.6824644549763,89.47368421052632,84.83412322274881,100.0,53.55450236966824,24.170616113744074
a316d663,77.25118483412322,13.270142180094787,69.19431279620852,9.478672985781984,17.224880382775126,4.739336492890999,26.066350710900476,10.426540284360186,37.44075829383886
5f26df4f,3.3175355450236967,13.270142180094787,3.317535545023702,79.14691943127963,69.377990430622,28.43601895734598,85.78199052132702,53.55450236966824,6.63507109004739
50c09020,57.345971563981045,13.270142180094787,52.60663507109005,0.9478672985782026,0.4784688995215305,14.691943127962077,79.62085308056872,0.9478672985782026,13.744075829383888
4180d897,82.46445497630332,45.497630331753555,69.66824644549763,62.08530805687204,94.25837320574163,36.01895734597157,95.73459715639811,65.40284360189574,73.93364928909952
aaa1b522,8.056872037914692,13.270142180094787,22.27488151658767,69.19431279620852,99.52153110047847,9.952606635071092,6.161137440758294,95.260663507109,32.22748815165876
cd8d2859,57.345971563981045,13.270142180094787,100.0,2.3696682464454994,3.3492822966507134,53.08056872037915,4.739336492890995,18.483412322274887,81.51658767772511
fe763256,0.9478672985781991,13.270142180094787,2.3696682464454994,15.63981042654028,7.655502392344488,2.3696682464454994,1.8957345971563981,31.279620853080573,0.9478672985782026
e38bce7a,82.46445497630332,13.270142180094787,100.0,40.758293838862556,87.08133971291866,,66.35071090047393,33.64928909952607,100.0
1da489ff,11.374407582938389,45.497630331753555,3.317535545023702,34.59715639810426,0.956937799043061,0.9478672985782026,36.96682464454976,38.38862559241706,2.8436018957345937
8ba8195d,3.3175355450236967,13.270142180094787,35.54502369668246,2.8436018957345937,0.0,0.9478672985782026,18.95734597156398,1.895734597156391,11.374407582938389
c24a2c5d,3.3175355450236967,13.270142180094787,3.317535545023702,45.97156398104265,50.717703349282296,0.0,98.10426540284361,14.218009478672982,2.8436018957345937
fa2f1dde,17.535545023696685,13.270142180094787,21.800947867298575,0.9478672985782026,0.956937799043061,7.109004739336484,3.7914691943127963,6.63507109004739,2.8436018957345937
94d7f855,1.8957345971563981,45.497630331753555,2.3696682464454994,31.279620853080573,98.08612440191388,5.6872037914692015,4.739336492890995,69.66824644549763,1.895734597156391
11614d87,36.018957345971565,13.270142180094787,22.27488151658767,12.796208530805686,,10.426540284360186,8.530805687203792,63.03317535545024,10.900473933649295
e9c7f0d0,7.109004739336493,13.270142180094787,0.4739336492891084,2.8436018957345937,25.358851674641144,0.4739336492891084,13.744075829383887,1.4218009478672968,0.0
cb9b8664,100.0,45.497630331753555,100.0,0.0,0.4784688995215305,4.2654028436018905,0.47393364928909953,0.0,94.31279620853081
36619795,11.374407582938389,45.497630331753555,3.317535545023702,6.161137440758296,,4.739336492890999,0.47393364928909953,28.909952606635073,1.4218009478672968
6a26221c,0.0,13.270142180094787,1.4218009478672968,10.900473933649295,38.27751196172249,4.2654028436018905,0.47393364928909953,45.023696682464454,0.0
af7dadf7,3.3175355450236967,13.270142180094787,4.2654028436018905,75.35545023696682,0.956937799043061,17.061611374407576,26.066350710900476,80.09478672985782,9.952606635071092
d7b3a420,36.018957345971565,13.270142180094787,86.72985781990522,3.7914691943127963,87.5598086124402,1.4218009478672968,75.82938388625593,1.895734597156391,58.76777251184834
1e030637,82.46445497630332,45.497630331753555,100.0,22.27488151658767,,9.952606635071092,20.379146919431278,48.81516587677726,100.0
f5f18a18,26.066350710900476,13.270142180094787,9.478672985781984,77.72511848341233,8.133971291866033,62.08530805687204,29.85781990521327,80.09478672985782,15.63981042654028
23cca426,57.345971563981045,84.83412322274881,97.6303317535545,0.0,72.72727272727273,0.9478672985782026,71.09004739336493,0.0,52.60663507109005
a1d053dd,57.345971563981045,13.270142180094787,66.35071090047393,32.70142180094787,77.99043062200957,0.0,99.0521327014218,9.952606635071092,53.55450236966824
a4e37e47,1.8957345971563981,13.270142180094787,18.95734597156398,0.9478672985782026,,13.744075829383888,0.0,8.056872037914701,2.8436018957345937
7f048519,8.056872037914692,13.270142180094787,2.3696682464454994,81.04265402843602,85.64593301435407,41.70616113744076,63.98104265402843,63.03317535545024,2.8436018957345937
5f4e9e8f,11.374407582938389,13.270142180094787,32.22748815165876,24.64454976303317,43.0622009569378,34.12322274881517,6.161137440758294,35.071090047393355,22.27488151658767
8db7f47f,34.12322274881517,13.270142180094787,26.540284360189574,0.4739336492891084,17.224880382775126,0.9478672985782026,48.81516587677725,0.0,4.739336492890999
fb693839,8.530805687203792,13.270142180094787,12.796208530805686,8.056872037914701,17.224880382775126,7.109004739336484,38.862559241706165,22.27488151658767,3.7914691943127963
dddca1d6,13.744075829383887,45.497630331753555,61.611374407582936,61.611374407582936,68.42105263157895,9.952606635071092,99.0521327014218,9.00473933649289,65.87677725118483
10a91f35,100.0,84.83412322274881,100.0,75.82938388625593,69.377990430622,,100.0,38.862559241706165,100.0
dbc50253,100.0,13.270142180094787,100.0,2.8436018957345937,0.956937799043061,21.800947867298575,11.374407582938389,8.530805687203795,93.8388625592417
de4b0555,22.274881516587676,13.270142180094787,26.540284360189574,2.8436018957345937,40.19138755980861,3.7914691943127963,48.81516587677725,1.895734597156391,8.056872037914701
18e6906e,57.345971563981045,13.270142180094787,63.507109004739334,43.60189573459715,59.33014354066985,56.39810426540284,77.72511848341233,40.758293838862556,57.34597156398104
b2570b38,8.530805687203792,13.270142180094787,72.51184834123222,61.611374407582936,,4.739336492890999,66.82464454976304,53.55450236966824,75.82938388625593
0c9652b0,2.843601895734597,13.270142180094787,0.4739336492891084,17.061611374407576,64.11483253588517,0.0,71.09004739336493,34.12322274881517,0.0
b4f5c2d9,3.3175355450236967,13.270142180094787,2.3696682464454994,13.744075829383888,23.923444976076553,10.900473933649295,5.213270142180095,35.071090047393355,0.9478672985782026
287686fd,34.12322274881517,45.497630331753555,50.236966824644554,0.4739336492891084,11.483253588516746,0.0,41.70616113744076,0.4739336492891084,9.952606635071092
a7c226e1,34.12322274881517,13.270142180094787,10.900473933649295,99.5260663507109,100.0,74.40758293838863,100.0,75.35545023696682,43.60189573459715
6eb146d2,34.12322274881517,13.270142180094787,93.8388625592417,83.41232227488152,8.133971291866033,,20.379146919431278,97.6303317535545,98.5781990521327
11061889,88.62559241706161,13.270142180094787,95.73459715639811,54.502369668246445,95.2153110047847,41.70616113744076,100.0,35.071090047393355,96.2085308056872
d4eef961,57.345971563981045,45.497630331753555,45.023696682464454,15.63981042654028,68.42105263157895,10.900473933649295,58.767772511848335,8.056872037914701,27.014218009478668
469ea22b,57.345971563981045,13.270142180094787,61.611374407582936,94.7867298578199,72.72727272727273,100.0,95.73459715639811,70.14218009478674,83.88625592417061
26989d80,13.744075829383887,13.270142180094787,80.09478672985782,16.587677725118482,,0.9478672985782026,0.47393364928909953,39.33649289099526,62.55924170616114
8a668774,22.274881516587676,13.270142180094787,61.611374407582936,28.909952606635073,0.956937799043061,0.9478672985782026,28.90995260663507,26.06635071090048,45.97156398104265
5bdcdb72,0.0,0.9478672985781991,0.0,60.66350710900474,26.31578947368422,94.7867298578199,7.109004739336493,70.61611374407583,0.0
c6097d68,88.62559241706161,13.270142180094787,100.0,67.77251184834122,25.358851674641144,94.31279620853081,48.81516587677725,63.03317535545024,100.0
a386e91b,34.12322274881517,13.270142180094787,82.46445497630332,97.1563981042654,,100.0,1.4218009478672986,100.0,98.1042654028436
3dba85c2,9.95260663507109,0.9478672985781991,80.09478672985782,61.137440758293835,,10.900473933649295,31.753554502369667,92.8909952606635,82.46445497630332
0604ef16,3.3175355450236967,13.270142180094787,1.4218009478672968,34.59715639810426,100.0,0.9478672985782026,58.767772511848335,25.59241706161137,1.4218009478672968
ba607b88,0.0,13.270142180094787,0.0,33.175355450236964,,5.213270142180093,0.0,81.99052132701422,0.0
acd4f5dc,3.3175355450236967,0.9478672985781991,0.9478672985782026,70.14218009478674,68.42105263157895,25.118483412322277,94.7867298578199,44.54976303317536,2.8436018957345937
0a476045,17.535545023696685,0.9478672985781991,100.0,54.502369668246445,25.358851674641144,,77.72511848341233,24.170616113744074,100.0
2c76b512,17.535545023696685,13.270142180094787,52.60663507109005,93.36492890995261,56.45933014354067,100.0,100.0,27.96208530805687,78.67298578199052
872b03f7,7.109004739336493,13.270142180094787,100.0,17.535545023696685,100.0,97.6303317535545,0.0,77.25118483412322,100.0
9170ff49,2.843601895734597,0.9478672985781991,0.0,55.92417061611374,17.224880382775126,,10.42654028436019,63.03317535545024,0.0
6f49cc6e,29.383886255924168,13.270142180094787,10.426540284360186,37.91469194312796,,50.236966824644554,12.322274881516588,63.03317535545024,9.00473933649289
44aac2f0,17.535545023696685,0.9478672985781991,25.59241706161137,17.061611374407576,98.56459330143541,8.530805687203795,71.56398104265402,34.12322274881517,14.691943127962077
9a963804,9.95260663507109,45.497630331753555,1.4218009478672968,25.59241706161137,5.26315789473685,79.14691943127963,2.3696682464454977,49.76303317535545,0.9478672985782026
e84ac20c,3.3175355450236967,13.270142180094787,0.4739336492891084,0.4739336492891084,3.3492822966507134,0.9478672985782026,0.9478672985781991,0.9478672985782026,0.0
85b3fab2,29.383886255924168,13.270142180094787,100.0,0.4739336492891084,,100.0,20.379146919431278,0.9478672985782026,100.0
662c47a6,7.109004739336493,13.270142180094787,90.04739336492891,0.4739336492891084,3.827751196172244,,0.47393364928909953,1.4218009478672968,40.28436018957346
fb5f69e4,57.345971563981045,13.270142180094787,90.04739336492891,19.90521327014217,,21.800947867298575,8.056872037914692,47.86729857819905,78.67298578199052
449f4e3c,100.0,84.83412322274881,100.0,0.9478672985782026,0.4784688995215305,7.109004739336484,8.530805687203792,0.4739336492891084,99.0521327014218
d7a57f75,100.0,45.497630331753555,100.0,64.92890995260663,100.0,3.7914691943127963,85.30805687203792,63.03317535545024,100.0
cc61ee8f,7.109004739336493,0.9478672985781991,1.4218009478672968,17.061611374407576,72.72727272727273,46.91943127962085,8.056872037914692,42.654028436018955,0.4739336492891084
9a0146b3,11.374407582938389,13.270142180094787,2.8436018957345937,50.71090047393365,17.224880382775126,36.01895734597157,0.47393364928909953,72.51184834123222,2.8436018957345937
012829ff,57.345971563981045,13.270142180094787,70.61611374407583,97.1563981042654,49.282296650717704,100.0,100.0,39.33649289099526,94.31279620853081
a24be938,1.8957345971563981,13.270142180094787,13.744075829383888,2.3696682464454994,,46.91943127962085,0.0,7.5829383886255926,2.8436018957345937
531f0278,99.52606635071089,13.270142180094787,92.8909952606635,0.4739336492891084,6.220095693779911,2.3696682464454994,20.379146919431278,1.895734597156391,48.81516587677726
890de8cb,26.066350710900476,0.9478672985781991,10.900473933649295,3.7914691943127963,72.72727272727273,0.0,8.530805687203792,6.63507109004739,2.8436018957345937
12b610c2,3.3175355450236967,13.270142180094787,48.81516587677726,0.4739336492891084,,79.14691943127963,0.0,8.056872037914701,9.952606635071092
26ff4c29,26.066350710900476,45.497630331753555,92.8909952606635,34.59715639810426,99.52153110047847,3.7914691943127963,89.57345971563981,24.170616113744074,88.62559241706161
1ee08e9a,26.066350710900476,13.270142180094787,5.6872037914692015,2.8436018957345937,7.655502392344488,7.109004739336484,38.862559241706165,3.317535545023702,1.895734597156391
2e9fdf9b,100.0,45.497630331753555,100.0,64.92890995260663,72.72727272727273,36.01895734597157,77.72511848341233,63.03317535545024,100.0
7d3937ed,26.066350710900476,13.270142180094787,100.0,100.0,,,94.3127962085308,95.260663507109,100.0
63bff7f9,57.345971563981045,13.270142180094787,66.35071090047393,90.04739336492891,100.0,13.744075829383888,100.0,87.20379146919431,81.99052132701422
a03bba42,11.374407582938389,0.9478672985781991,0.4739336492891084,23.222748815165872,,0.9478672985782026,0.9478672985781991,45.97156398104265,0.0
26d041c4,3.3175355450236967,0.9478672985781991,10.900473933649295,3.7914691943127963,0.4784688995215305,,0.47393364928909953,9.00473933649289,2.8436018957345937
82c10dac,57.345971563981045,13.270142180094787,70.61611374407583,0.0,0.0,48.34123222748815,0.47393364928909953,0.0,9.00473933649289
626c5379,0.0,0.9478672985781991,0.4739336492891084,4.2654028436018905,,0.0,0.47393364928909953,29.383886255924168,0.0
6581d753,11.374407582938389,45.497630331753555,99.0521327014218,89.0995260663507,,100.0,73.93364928909952,68.72037914691943,100.0
8b9704ae,57.345971563981045,13.270142180094787,100.0,0.9478672985782026,0.4784688995215305,100.0,0.47393364928909953,0.4739336492891084,79.62085308056872
ce4cc4d5,99.52606635071089,13.270142180094787,100.0,0.9478672985782026,,0.0,0.0,12.322274881516591,95.73459715639811
8291f939,0.0,13.270142180094787,1.895734597156391,70.14218009478674,87.08133971291866,0.9478672985782026,47.39336492890995,58.29383886255924,2.8436018957345937
be869ccf,11.374407582938389,0.9478672985781991,5.6872037914692015,25.59241706161137,3.827751196172244,100.0,38.862559241706165,39.33649289099526,3.7914691943127963
c3c92b42,99.52606635071089,45.497630331753555,100.0,4.739336492890999,3.827751196172244,99.0521327014218,63.98104265402843,12.322274881516591,98.1042654028436
6821ac10,57.345971563981045,13.270142180094787,26.540284360189574,0.9478672985782026,57.89473684210527,13.744075829383888,86.7298578199052,0.0,7.109004739336484
cedc1d9a,3.3175355450236967,0.9478672985781991,0.4739336492891084,14.218009478672982,26.31578947368422,56.39810426540284,73.45971563981043,14.691943127962077,0.0
f842c2cf,3.3175355450236967,0.9478672985781991,3.7914691943127963,100.0,,62.08530805687204,47.39336492890995,100.0,30.805687203791464
cca50cd6,1.8957345971563981,0.9478672985781991,2.3696682464454994,2.3696682464454994,0.956937799043061,8.530805687203795,0.0,33.175355450236964,0.0
4ec07775,0.0,0.9478672985781991,0.9478672985782026,92.41706161137441,,36.01895734597157,3.3175355450236967,100.0,2.8436018957345937
fdcb08c2,57.345971563981045,13.270142180094787,80.09478672985782,0.9478672985782026,3.3492822966507134,84.83412322274881,0.47393364928909953,1.895734597156391,31.753554502369667
f24ca2ba,17.535545023696685,0.9478672985781991,26.540284360189574,94.31279620853081,,98.1042654028436,6.161137440758294,100.0,58.76777251184834
ddc0828d,17.535545023696685,0.9478672985781991,3.7914691943127963,12.796208530805686,3.3492822966507134,0.4739336492891084,11.374407582938389,20.379146919431278,1.895734597156391
a9da7784,3.3175355450236967,0.9478672985781991,0.4739336492891084,0.4739336492891084,3.827751196172244,3.7914691943127963,9.95260663507109,0.4739336492891084,0.0
d167edd3,57.345971563981045,13.270142180094787,52.60663507109005,75.82938388625593,64.11483253588517,98.1042654028436,41.23222748815166,63.03317535545024,68.24644549763033
6ec424a9,7.109004739336493,0.9478672985781991,10.900473933649295,45.97156398104265,3.3492822966507134,100.0,85.30805687203792,34.12322274881517,11.374407582938389
107c26fb,7.109004739336493,0.9478672985781991,3.7914691943127963,0.0,1.913875598086122,0.0,47.39336492890995,0.0,0.0
dc9dd038,57.345971563981045,13.270142180094787,100.0,100.0,,100.0,100.0,99.5260663507109,100.0
249d60c9,17.535545023696685,13.270142180094787,5.6872037914692015,21.800947867298575,,36.01895734597157,20.379146919431278,45.97156398104265,2.8436018957345937
92500ad5,57.345971563981045,13.270142180094787,74.40758293838863,2.3696682464454994,1.913875598086122,94.31279620853081,80.09478672985783,7.109004739336484,30.805687203791464
ba6b2f91,57.345971563981045,0.9478672985781991,100.0,0.0,,36.01895734597157,6.161137440758294,24.170616113744074,79.62085308056872
8e514b4c,0.47393364928909953,0.9478672985781991,10.426540284360186,0.0,,0.0,0.0,0.4739336492891084,0.0
b52ffbbd,7.109004739336493,0.9478672985781991,0.4739336492891084,23.222748815165872,3.3492822966507134,,5.213270142180095,30.33175355450237,0.0
9a46c4e5,7.109004739336493,0.9478672985781991,97.6303317535545,64.92890995260663,100.0,,20.379146919431278,63.03317535545024,98.1042654028436
030f3089,17.535545023696685,0.9478672985781991,13.744075829383888,16.587677725118482,25.358851674641144,0.9478672985782026,0.47393364928909953,42.654028436018955,8.056872037914701
6c79c098,57.345971563981045,13.270142180094787,97.6303317535545,0.0,0.0,,0.0,0.0,21.800947867298575
99ed60f8,17.535545023696685,0.9478672985781991,52.60663507109005,0.0,0.956937799043061,0.0,0.0,1.4218009478672968,4.739336492890999
c695b423,57.345971563981045,13.270142180094787,80.09478672985782,100.0,,94.31279620853081,20.379146919431278,100.0,99.0521327014218
08548b13,7.109004739336493,0.9478672985781991,52.60663507109005,43.60189573459715,,,0.47393364928909953,63.03317535545024,48.81516587677726
a457cfb5,0.0,0.9478672985781991,0.0,30.805687203791464,0.4784688995215305,91.94312796208531,12.322274881516588,47.86729857819905,0.0
0b60eb09,57.345971563981045,13.270142180094787,80.09478672985782,100.0,43.0622009569378,,8.056872037914692,100.0,98.5781990521327
402f8494,17.535545023696685,0.9478672985781991,3.317535545023702,8.530805687203795,8.133971291866033,15.63981042654028,50.23696682464455,1.895734597156391,1.4218009478672968
025c4400,7.109004739336493,0.9478672985781991,26.540284360189574,0.4739336492891084,0.4784688995215305,13.744075829383888,38.388625592417064,0.0,2.8436018957345937
fef92afc,57.345971563981045,13.270142180094787,26.540284360189574,31.279620853080573,1.913875598086122,88.62559241706161,38.388625592417064,41.232227488151665,20.379146919431278
ed5a5510,3.3175355450236967,0.9478672985781991,0.9478672985782026,44.07582938388626,,13.744075829383888,8.530805687203792,36.96682464454977,1.4218009478672968
d4d929b0,100.0,13.270142180094787,100.0,25.59241706161137,82.77511961722487,,95.73459715639811,24.170616113744074,100.0
facb9086,57.345971563981045,13.270142180094787,80.09478672985782,4.739336492890999,1.913875598086122,100.0,8.056872037914692,35.071090047393355,48.81516587677726
94bc776b,17.535545023696685,0.9478672985781991,26.540284360189574,0.9478672985782026,,0.0,0.47393364928909953,1.895734597156391,6.63507109004739
f18ba07f,1.8957345971563981,0.9478672985781991,0.0,66.82464454976304,100.0,0.0,33.175355450236964,83.41232227488152,0.0
e0351c86,17.535545023696685,0.9478672985781991,3.7914691943127963,25.59241706161137,64.11483253588517,53.08056872037915,58.767772511848335,8.530805687203795,2.8436018957345937
9ab63e7b,7.109004739336493,0.9478672985781991,5.6872037914692015,97.1563981042654,,,77.72511848341233,97.6303317535545,26.06635071090048
0d232ffd,57.345971563981045,13.270142180094787,97.6303317535545,2.8436018957345937,,9.952606635071092,0.0,30.33175355450237,77.25118483412322
64c34cd0,3.3175355450236967,0.9478672985781991,20.379146919431278,4.739336492890999,,48.34123222748815,20.379146919431278,34.12322274881517,7.5829383886255926
7dcb9bc9,1.8957345971563981,0.9478672985781991,80.09478672985782,16.587677725118482,,98.1042654028436,1.8957345971563981,63.03317535545024,62.55924170616114
65b6943c,7.109004739336493,0.9478672985781991,2.3696682464454994,0.0,0.4784688995215305,0.0,0.47393364928909953,0.0,0.0
a1d95bd8,7.109004739336493,0.9478672985781991,2.3696682464454994,0.0,1.4354066985645915,7.109004739336484,43.127962085308056,0.9478672985782026,0.0
650d5e49,7.109004739336493,0.9478672985781991,80.09478672985782,0.4739336492891084,,3.7914691943127963,0.0,12.322274881516591,21.800947867298575
b822e99c,7.109004739336493,0.9478672985781991,26.540284360189574,100.0,100.0,,100.0,100.0,100.0
8dc152d1,57.345971563981045,0.9478672985781991,26.540284360189574,0.0,0.4784688995215305,21.800947867298575,0.47393364928909953,0.4739336492891084,1.895734597156391
b51f72a5,57.345971563981045,0.9478672985781991,26.540284360189574,2.3696682464454994,1.913875598086122,,6.161137440758294,1.895734597156391,8.056872037914701
8361e524,7.109004739336493,0.9478672985781991,2.3696682464454994,44.54976303317536,0.4784688995215305,100.0,0.0,82.46445497630332,1.895734597156391
03a83c50,1.8957345971563981,0.9478672985781991,0.0,42.18009478672986,,,10.42654028436019,63.03317535545024,0.0
1a2676c5,1.8957345971563981,0.9478672985781991,0.0,0.4739336492891084,2.870813397129197,0.0,0.47393364928909953,0.0,0.0
eade4650,0.0,0.9478672985781991,0.4739336492891084,0.0,,,0.0,0.9478672985782026,0.0
b720a5d6,7.109004739336493,0.9478672985781991,80.09478672985782,16.587677725118482,,,0.0,63.03317535545024,62.55924170616114
2b6e6dec,57.345971563981045,0.9478672985781991,100.0,100.0,,100.0,100.0,100.0,100.0
844e79d1,57.345971563981045,0.9478672985781991,100.0,0.0,,0.0,20.379146919431278,0.0,100.0
94253925,0.0,0.9478672985781991,0.4739336492891084,98.5781990521327,36.36363636363637,,85.30805687203792,80.56872037914692,2.8436018957345937
89f64c19,57.345971563981045,0.9478672985781991,80.09478672985782,0.4739336492891084,,7.109004739336484,0.0,12.322274881516591,26.06635071090048
da934ee8,0.0,0.9478672985781991,0.0,45.97156398104265,98.08612440191388,,0.47393364928909953,80.09478672985782,0.0
0bf15e52,57.345971563981045,0.9478672985781991,26.540284360189574,44.54976303317536,1.913875598086122,,100.0,24.170616113744074,26.06635071090048
9868bc75,7.109004739336493,0.9478672985781991,5.6872037914692015,93.36492890995261,,,48.81516587677725,87.20379146919431,18.95734597156398
d014d5ac,0.0,0.9478672985781991,0.4739336492891084,40.758293838862556,,100.0,0.0,94.31279620853081,0.4739336492891084
26e5cabf,0.0,0.9478672985781991,0.4739336492891084,0.0,,0.9478672985782026,0.0,18.483412322274887,0.0
cfa4bd2b,7.109004739336493,0.9478672985781991,5.6872037914692015,0.4739336492891084,0.4784688995215305,,0.9478672985781991,1.4218009478672968,0.9478672985782026
2815fe50,0.0,0.9478672985781991,0.0,21.800947867298575,17.224880382775126,7.109004739336484,17.535545023696685,53.55450236966824,0.0
94eac556,7.109004739336493,0.9478672985781991,0.4739336492891084,43.60189573459715,0.4784688995215305,36.01895734597157,20.379146919431278,18.483412322274887,0.0
d3611425,57.345971563981045,0.9478672985781991,80.09478672985782,0.9478672985782026,0.956937799043061,,20.379146919431278,12.322274881516591,35.071090047393355
1a156c88,7.109004739336493,0.9478672985781991,80.09478672985782,100.0,,,91.9431279620853,99.0521327014218,99.0521327014218
2f3817ce,1.8957345971563981,0.9478672985781991,0.0,0.4739336492891084,29.186602870813388,1.895734597156391,1.4218009478672986,5.213270142180093,0.0
b2b23612,7.109004739336493,0.9478672985781991,2.8436018957345937,3.317535545023702,0.4784688995215305,68.72037914691943,0.0,59.241706161137444,0.4739336492891084
0af3426f,57.345971563981045,0.9478672985781991,100.0,100.0,99.52153110047847,,100.0,63.03317535545024,100.0
fdf7491e,57.345971563981045,0.9478672985781991,26.540284360189574,7.109004739336484,0.956937799043061,,77.72511848341233,0.4739336492891084,12.322274881516591
1558d83b,7.109004739336493,0.9478672985781991,0.4739336492891084,2.8436018957345937,72.72727272727273,4.739336492890999,0.0,24.170616113744074,0.0
b8d490fd,0.0,0.9478672985781991,0.4739336492891084,16.587677725118482,100.0,100.0,8.056872037914692,42.18009478672986,0.0
611926bc,57.345971563981045,0.9478672985781991,26.540284360189574,98.1042654028436,100.0,,56.39810426540285,92.8909952606635,68.24644549763033
0a4ebc61,7.109004739336493,0.9478672985781991,2.3696682464454994,99.0521327014218,,62.08530805687204,77.72511848341233,82.46445497630332,9.952606635071092
e5437608,1.8957345971563981,0.9478672985781991,1.895734597156391,29.857819905213262,,0.0,1.4218009478672986,17.061611374407576,1.4218009478672968
f0af99a7,1.8957345971563981,0.9478672985781991,80.09478672985782,0.0,,0.0,0.0,0.0,9.00473933649289
dee07622,57.345971563981045,0.9478672985781991,80.09478672985782,64.92890995260663,,,20.379146919431278,12.322274881516591,83.88625592417061
5b615e7c,0.0,0.9478672985781991,0.0,38.38862559241706,,0.9478672985782026,0.47393364928909953,80.09478672985782,0.0
d621b427,57.345971563981045,0.9478672985781991,100.0,0.0,,,0.0,0.0,68.24644549763033
e1b9f3a9,57.345971563981045,0.9478672985781991,26.540284360189574,0.0,,0.0,0.47393364928909953,0.4739336492891084,1.895734597156391
d872f52a,57.345971563981045,0.9478672985781991,100.0,100.0,99.52153110047847,,100.0,63.03317535545024,100.0
3ff033bb,1.8957345971563981,0.9478672985781991,2.3696682464454994,4.739336492890999,,100.0,0.0,35.071090047393355,0.0
670709ec,0.0,0.9478672985781991,0.0,28.43601895734598,,11.374407582938389,14.691943127962084,30.33175355450237,0.0
caa89a48,7.109004739336493,0.9478672985781991,22.27488151658767,58.29383886255924,0.4784688995215305,100.0,0.0,67.77251184834122,26.06635071090048
29e95537,57.345971563981045,0.9478672985781991,100.0,100.0,,,20.379146919431278,100.0,100.0
d0513f63,0.0,0.9478672985781991,0.4739336492891084,0.0,,,0.0,1.4218009478672968,0.0
b69e69ed,57.345971563981045,0.9478672985781991,26.540284360189574,4.739336492890999,0.0,100.0,6.161137440758294,63.03317535545024,9.952606635071092
4b4d1957,7.109004739336493,0.9478672985781991,5.6872037914692015,47.86729857819905,72.72727272727273,,48.81516587677725,8.056872037914701,8.056872037914701
2503e881,57.345971563981045,0.9478672985781991,80.09478672985782,2.8436018957345937,0.956937799043061,88.62559241706161,63.98104265402843,0.9478672985782026,40.758293838862556
756389bd,57.345971563981045,0.9478672985781991,100.0,0.9478672985782026,,,77.72511848341233,1.895734597156391,94.31279620853081
c27b5a0e,7.109004739336493,0.9478672985781991,26.540284360189574,0.0,0.956937799043061,7.109004739336484,0.0,0.4739336492891084,1.895734597156391
50758325,7.109004739336493,0.9478672985781991,0.4739336492891084,0.4739336492891084,0.956937799043061,36.01895734597157,9.95260663507109,0.0,0.0
de7d833e,57.345971563981045,0.9478672985781991,26.540284360189574,25.59241706161137,59.33014354066985,,20.379146919431278,63.03317535545024,18.95734597156398
0264c10e,0.0,0.9478672985781991,0.4739336492891084,5.6872037914692015,,98.1042654028436,11.374407582938389,38.38862559241706,0.0
1cb14aa4,0.0,0.0,,0.4739336492891084,0.4784688995215305,,63.98104265402843,0.9478672985782026,
b61a3e1a,0.0,0.0,,0.0,,,0.0,63.03317535545024,
dcce6f09,0.0,0.0,,0.0,,,0.0,100.0,
19b9f399,0.0,0.0,,45.97156398104265,43.0622009569378,48.34123222748815,36.96682464454976,7.5829383886255926,
21ac077a,0.0,0.0,,0.0,0.956937799043061,,77.72511848341233,0.0,
d027ba9f,0.0,0.0,,2.8436018957345937,72.72727272727273,,0.0,63.03317535545024,
fb24e76c,0.0,0.0,,4.739336492890999,99.52153110047847,62.08530805687204,20.379146919431278,63.03317535545024,
cfad138c,0.0,0.0,,0.0,,0.4739336492891084,0.0,0.0,
e148e6bd,0.0,0.0,,0.0,0.0,,77.72511848341233,0.0,
249abedf,0.0,0.0,,25.59241706161137,3.827751196172244,,1.8957345971563981,12.322274881516591,
7d3720ba,0.0,0.0,,0.0,0.0,,0.0,0.0,
271f83cd,0.0,0.0,,64.92890995260663,43.0622009569378,,20.379146919431278,63.03317535545024,
c28e9f12,0.0,0.0,,14.691943127962077,43.0622009569378,0.0,4.739336492890995,38.862559241706165,
3355b542,0.0,0.0,,0.0,,0.0,0.0,0.0,
d2c2b2d5,0.0,0.0,,9.478672985781984,,0.0,0.0,35.071090047393355,
39f82db3,0.0,0.0,,38.38862559241706,,36.01895734597157,0.0,63.03317535545024,
4b57e452,0.0,0.0,,58.29383886255924,72.72727272727273,,0.0,63.03317535545024,
af2c687b,0.0,0.0,,82.93838862559241,,,77.72511848341233,63.03317535545024,
27af6414,0.0,0.0,,0.0,,,0.0,0.0,
77255a9e,0.0,0.0,,0.0,,,0.0,0.0,
30a45b23,0.0,0.0,,0.0,,0.4739336492891084,0.0,0.0,
27e71d47,0.0,0.0,,25.59241706161137,6.220095693779911,,52.60663507109005,12.322274881516591,
ee3dfa89,0.0,0.0,,0.0,0.956937799043061,,0.0,0.0,
51ec3919,0.0,0.0,,0.0,0.0,,0.0,0.0,
888e32bf,0.0,0.0,,0.0,,,77.72511848341233,1.895734597156391,
f088b960,0.0,0.0,,0.0,,0.0,0.0,0.0,
ade90de7,0.0,0.0,,0.0,,,20.379146919431278,0.0,
e48a4814,0.0,0.0,,2.3696682464454994,10.526315789473685,8.530805687203795,77.72511848341233,0.9478672985782026,
38f2c66c,0.0,0.0,,0.0,0.956937799043061,3.7914691943127963,0.9478672985781991,0.0,
0164b064,0.0,0.0,,0.0,0.0,0.0,0.0,0.0,
5b16a806,0.0,0.0,,0.4739336492891084,0.956937799043061,,0.47393364928909953,1.895734597156391,
441c72ae,0.0,0.0,,0.0,,0.0,0.0,0.4739336492891084,
c3a96caf,0.0,0.0,,0.0,,,0.0,1.895734597156391,
a1f1829d,0.0,0.0,,45.97156398104265,,,8.056872037914692,63.03317535545024,
9f77963a,0.0,0.0,,0.0,,,0.0,0.0,
60500956,0.0,0.0,,90.04739336492891,,36.01895734597157,1.8957345971563981,99.0521327014218,
a90e53ec,0.0,0.0,,29.383886255924168,3.827751196172244,,54.02843601895735,23.222748815165872,
64a4c383,0.0,0.0,,0.0,,,0.0,0.0,
99258814,0.0,0.0,,0.0,29.186602870813388,,63.98104265402843,0.0,
c15e2193,0.0,0.0,,4.739336492890999,,36.01895734597157,0.0,63.03317535545024,
266849c1,0.0,0.0,,54.502369668246445,,,6.161137440758294,92.8909952606635,
1b7b0fa7,0.0,0.0,,0.0,,,1.8957345971563981,63.03317535545024,
a343262c,0.0,0.0,,95.260663507109,,,0.0,100.0,
52294a79,0.0,0.0,,0.4739336492891084,,,0.0,1.4218009478672968,
86ae8ef2,0.0,0.0,,0.9478672985782026,0.4784688995215305,,0.0,0.0,
798934ea,0.0,0.0,,0.0,,,0.0,0.0,
8998a68f,0.0,0.0,,0.4739336492891084,,0.0,0.0,1.895734597156391,
78eb4223,0.0,0.0,,4.739336492890999,89.47368421052632,0.9478672985782026,77.72511848341233,0.9478672985782026,
e186f49c,0.0,0.0,,0.0,0.4784688995215305,4.739336492890999,6.161137440758294,0.4739336492891084,
9d704f6f,0.0,0.0,,0.4739336492891084,0.956937799043061,0.0,0.47393364928909953,30.33175355450237,
fffa744b,0.0,0.0,,34.59715639810426,94.25837320574163,100.0,0.0,71.56398104265404,
864c199e,0.0,0.0,,46.44549763033176,0.4784688995215305,100.0,1.8957345971563981,42.654028436018955,
ba5e1069,0.0,0.0,,100.0,,,77.72511848341233,100.0,
752f7486,0.0,0.0,,0.0,,0.0,0.0,0.0,
97290faf,0.0,0.0,,0.4739336492891084,29.186602870813388,,100.0,1.895734597156391,
1ac746c8,0.0,0.0,,0.0,,0.0,0.0,0.0,
9ff100a6,0.0,0.0,,64.92890995260663,,88.62559241706161,20.379146919431278,63.03317535545024,
7c390b03,0.0,0.0,,0.9478672985782026,1.913875598086122,,0.0,0.0,
c96f6ac5,0.0,0.0,,0.0,,0.0,0.0,0.0,
3ae3f034,0.0,0.0,,8.530805687203795,,10.900473933649295,0.47393364928909953,50.236966824644554,
67af6f81,0.0,0.0,,0.9478672985782026,0.4784688995215305,,0.0,12.322274881516591,
9a5f2863,0.0,0.0,,0.0,,,0.47393364928909953,0.0,
d1a60072,0.0,0.0,,72.98578199052133,,17.061611374407576,0.0,95.73459715639811,
90edaaa9,0.0,0.0,,98.1042654028436,,100.0,9.95260663507109,92.8909952606635,
bae11797,0.0,0.0,,95.260663507109,,,100.0,63.03317535545024,
ddb00822,0.0,0.0,,0.0,,,100.0,0.0,
c69a7b5c,0.0,0.0,,32.70142180094787,,99.0521327014218,0.47393364928909953,63.03317535545024,
16605a1b,0.0,0.0,,2.3696682464454994,,,0.0,63.03317535545024,
5451a2c1,0.0,0.0,,0.0,,,0.0,0.0,
943fd425,0.0,0.0,,0.0,,,0.0,0.0,
6c19c6e5,0.0,0.0,,0.0,,0.0,0.0,0.0,
b0482a1d,0.0,0.0,,79.14691943127963,72.72727272727273,7.109004739336484,47.39336492890995,47.86729857819905,
7c3c0337,0.0,0.0,,0.4739336492891084,3.3492822966507134,,20.379146919431278,4.2654028436018905,
5673a3fc,0.0,0.0,,97.1563981042654,94.25837320574163,,48.81516587677725,99.5260663507109,
f1f99156,0.0,0.0,,0.0,,,0.0,0.0,
378daa89,0.0,0.0,,0.0,,,0.0,0.0,
85ec8e33,0.0,0.0,,95.260663507109,,98.1042654028436,100.0,63.03317535545024,
970ddd24,0.0,0.0,,0.0,,0.0,0.0,0.9478672985782026,
33ffc3dd,0.0,0.0,,0.4739336492891084,43.0622009569378,,100.0,0.0,
6042bf26,0.0,0.0,,100.0,87.08133971291866,,100.0,63.03317535545024,
c42aaf71,0.0,0.0,,100.0,,88.62559241706161,41.23222748815166,100.0,
73c18486,0.0,0.0,,46.44549763033176,87.08133971291866,,20.379146919431278,38.862559241706165,
62175638,0.0,0.0,,0.0,,,0.0,0.0,
1be70c88,0.0,0.0,,0.0,,0.0,0.0,0.0,
