player_id,photo_url
1c2a64cd,https://commons.wikimedia.org/wiki/Special:FilePath/Ashish%20Reddy%20at%20Jio%20Cinema%20Studio.jpg?width=330
872b03f7,
99b202b3,
e249fdaa,
18e6906e,
5b16a806,
ddc0828d,https://commons.wikimedia.org/wiki/Special:FilePath/Andrew%20Flintoff.jpg?width=330
fcc21ace,
0c2730df,https://commons.wikimedia.org/wiki/Special:FilePath/Anil%20Kumble.jpg?width=330
0890552f,
b2b4f545,
6b19d823,https://commons.wikimedia.org/wiki/Special:FilePath/Amit%20Mishra.jpg?width=330
66cf56a5,
6165bca6,https://commons.wikimedia.org/wiki/Special:FilePath/Abhinav%20Mukund.jpg?width=330
96fd40ae,https://commons.wikimedia.org/wiki/Special:FilePath/Ashish%20Nehra%20%286160488612%29%20%28cropped%29.jpg?width=330
2503e881,https://commons.wikimedia.org/wiki/Special:FilePath/Andre%20Nel%20Bfdefence.jpg?width=330
acdc62f5,
d7017798,
5b040b81,
bd77eb62,https://commons.wikimedia.org/wiki/Special:FilePath/Andrew%20Symonds%20flickr1.jpg?width=330
aa5d8c9e,
fdcb08c2,
14f96089,https://commons.wikimedia.org/wiki/Special:FilePath/Adam%20Zampa%202023.jpg?width=330
bff458c6,
29d72eb2,
2815fe50,
16605a1b,
2d140b79,
b69e69ed,https://commons.wikimedia.org/wiki/Special:FilePath/Ashley%20Noffke%202010.jpg?width=330
fa463154,https://commons.wikimedia.org/wiki/Special:FilePath/Ajit%20Agarkar.jpg?width=330
d3a3e82d,
66b30f71,
16043342,https://commons.wikimedia.org/wiki/Special:FilePath/Andrew%20McDonald%202010.jpg?width=330
c4487b84,https://commons.wikimedia.org/wiki/Special:FilePath/AB%20de%20Villiers%20glove.jpg?width=330
1efb8a28,https://commons.wikimedia.org/wiki/Special:FilePath/Aiden%20Blizzard.jpg?width=330
2b6e6dec,https://commons.wikimedia.org/wiki/Special:FilePath/Adam%20Gilchrist%20of%20Australia%20%28cropped%29.jpg?width=330
b552a935,https://commons.wikimedia.org/wiki/Special:FilePath/Alfonso%20Thomas%201.jpg?width=330
864c199e,https://commons.wikimedia.org/wiki/Special:FilePath/Adam%20Voges.jpg?width=330
92aeac25,https://commons.wikimedia.org/wiki/Special:FilePath/Alex%20Hales%202.JPG?width=330
3edb58fc,
896d78ad,https://commons.wikimedia.org/wiki/Special:FilePath/Angelo%20Mathews.jpg?width=330
f10e94c4,
bbd41817,https://commons.wikimedia.org/wiki/Special:FilePath/Andre%20Russell.jpg?width=330
350bb1b1,
ef5da05c,
3a02626a,
b8d490fd,https://commons.wikimedia.org/wiki/Special:FilePath/Aaron%20Finch.jpg?width=330
4d7f517e,
ff1e12a0,https://commons.wikimedia.org/wiki/Special:FilePath/ASHTON%20TURNER%20%2815520068750%29.jpg?width=330
7c7d63a2,https://commons.wikimedia.org/wiki/Special:FilePath/2018.02.03.20.38.56-AUSvNZL%20T20%20NZL%20innings%2C%20SCG-0001%20%2838618205890%29%20%28Tye%20cropped%29.jpg?width=330
6a26221c,https://commons.wikimedia.org/wiki/Special:FilePath/Aiden%20Markram.jpg?width=330
8291f939,
9ca68676,
a45a5e8d,
29e95537,https://commons.wikimedia.org/wiki/Special:FilePath/Ajinkya%20Rahane.jpg?width=330
260fd380,
2af1b6d2,https://commons.wikimedia.org/wiki/Special:FilePath/Abu%20Nechim.jpg?width=330
7023d182,
dbc50253,
f4cb4f53,
855a210c,https://commons.wikimedia.org/wiki/Special:FilePath/Aditya%20Tare.jpg?width=330
afe3355a,
2e171977,https://commons.wikimedia.org/wiki/Special:FilePath/Axar.Patel.jpg?width=330
b0946605,
db31895a,
c69a7b5c,
e4cdf230,
b9be6507,
69d03465,https://commons.wikimedia.org/wiki/Special:FilePath/Wicket-keeper%20Alex%20Carey%20at%20Perth%20Stadium%2C%20First%20Test%20Australia%20versus%20West%20Indies%2C%202%20December%202022%2005.jpg?width=330
70d205c9,https://commons.wikimedia.org/wiki/Special:FilePath/Ambati%20Rayudu.jpg?width=330
249d60c9,https://commons.wikimedia.org/wiki/Special:FilePath/Adil%20Rashid%20sharp.jpg?width=330
3ae3f034,
cc777ffa,
8e514b4c,https://commons.wikimedia.org/wiki/Special:FilePath/Abdul%20Samad.png?width=330
888e32bf,https://commons.wikimedia.org/wiki/Special:FilePath/Adbur%20Razzak%20bowling%202010.jpg?width=330
82c10dac,
f29185a1,
ad3b6e95,
0a67aec0,
4bd09374,
b483905d,
d8d67045,
378daa89,
d2340a43,
a3b0600d,
7bb62642,
24d94623,
f18ba07f,
1399b39c,
c8f5f961,
69be866a,
44aac2f0,https://commons.wikimedia.org/wiki/Special:FilePath/Sachin%20Tendulkar%20family%20%28cropped%29.jpg?width=330
12314277,
244048f6,https://commons.wikimedia.org/wiki/Special:FilePath/Arshdeep%20Singh%20in%20PMO%20New%20Delhi.jpg?width=330
50c09020,
84d9c311,
d45c29b1,
1ac746c8,
7c3c0337,
eef2536f,
9a158001,https://commons.wikimedia.org/wiki/Special:FilePath/Azhar%20Mahmood.jpg?width=330
8f6dd463,
af7dadf7,
5451a2c1,
50758325,https://commons.wikimedia.org/wiki/Special:FilePath/Brett%20Geeves.jpg?width=330
ff1e68fa,
2e81a32d,https://commons.wikimedia.org/wiki/Special:FilePath/Bhuvneshwar%20kumar%20With%20Rashid%20Zirak%20%28Bhuvneshwar%20Kumar%20cropped%29.jpg?width=330
b2a79f17,
dd09ff8e,https://commons.wikimedia.org/wiki/Special:FilePath/Brett%20lee.JPG?width=330
449f4e3c,
d5130a30,
6834d1f2,https://commons.wikimedia.org/wiki/Special:FilePath/2018.02.03.19.47.57-Billy%20Stanlake%20%2840429028151%29.jpg?width=330
f4f0fafd,
dc4686e6,
e087956b,https://commons.wikimedia.org/wiki/Special:FilePath/BEN%20STOKES%20%2811704837023%29%20%28cropped%29.jpg?width=330
ea0cdc12,https://commons.wikimedia.org/wiki/Special:FilePath/Mendis%20bowling.jpg?width=330
b8a55852,https://commons.wikimedia.org/wiki/Special:FilePath/England%20vs.%20New%20Zealand%202015%20%283%29%20%28McCullum%20further%20cropped%29.jpg?width=330
53f27a35,
d8b2f218,
2e11c706,https://commons.wikimedia.org/wiki/Special:FilePath/Brisbane%20Heat%20vs%20Melbourne%20Stars%20T20%2015.jpg?width=330
b56dc5f7,
e1b9f3a9,
b0c772ee,https://commons.wikimedia.org/wiki/Special:FilePath/Brad%20Haddin%20at%20Test%202010.jpg?width=330
b57f8a9a,https://commons.wikimedia.org/wiki/Special:FilePath/Brad%20Hodge%202008.jpg?width=330
27af6414,https://commons.wikimedia.org/wiki/Special:FilePath/Ben%20Rohrer.jpg?width=330
5d1e7582,
9868bc75,
272d796e,
c2dd89ea,
f3171936,https://commons.wikimedia.org/wiki/Special:FilePath/Ben%20Hilfenhaus%202009.jpg?width=330
871e9faf,
c18496e1,
133bbd61,
172dff15,
fe366f34,
798934ea,
eaa76d3c,https://commons.wikimedia.org/wiki/Special:FilePath/Jermaine%20Blackwood%20batting%20and%20Cameron%20Green%20bowling%20at%20Perth%20Stadium%2C%20First%20Test%20Australia%20versus%20West%20Indies%2C%202%20December%202022%2004.jpg?width=330
2eeb4370,
af2c687b,https://commons.wikimedia.org/wiki/Special:FilePath/Colin%20Munro%20with%20the%20Sydney%20Sixers.jpg?width=330
f24ca2ba,
2cdce1be,
94d7f855,https://commons.wikimedia.org/wiki/Special:FilePath/2018.02.03.20.52.20-AUSvNZL%20T20%20NZL%20innings%2C%20SCG%20%2838618201470%29%20%28de%20Grandhomme%20cropped%29.jpg?width=330
c995d726,
45eda7c8,https://commons.wikimedia.org/wiki/Special:FilePath/Brisbane%20Heat%20vs%20Melbourne%20Stars%20T20%207.jpg?width=330
d4f9dbd4,https://commons.wikimedia.org/wiki/Special:FilePath/CHETESHWAR%20PUJARA%20%2816007168057%29.jpg?width=330
db584dad,https://commons.wikimedia.org/wiki/Special:FilePath/ChrisGayle%20Cropped.jpg?width=330
fb66ce1f,
8abdf100,
1cb14aa4,
9b4935c8,https://commons.wikimedia.org/wiki/Special:FilePath/Callum%20Ferguson.jpg?width=330
19b9f399,https://commons.wikimedia.org/wiki/Special:FilePath/Cricketer%20Chris%20Green%20Oran%20Park%2026%20October%202025.jpg?width=330
ffe699c0,https://commons.wikimedia.org/wiki/Special:FilePath/The%20Prime%20Minister%20welcomes%20the%20World%20Cup%20winning%20cricketers%20%2852764885608%29.jpg?width=330
94eac556,https://commons.wikimedia.org/wiki/Special:FilePath/Clint%20McKay.jpg?width=330
cfad138c,
d1c94b25,
d0513f63,https://commons.wikimedia.org/wiki/Special:FilePath/Cameron%20White.jpg?width=330
30a2649b,
e342e5fb,https://commons.wikimedia.org/wiki/Special:FilePath/Carlos%20Brathwaite.jpg?width=330
4c5d73db,https://commons.wikimedia.org/wiki/Special:FilePath/Chris%20Woakes%202022.jpg?width=330
342d8ade,https://commons.wikimedia.org/wiki/Special:FilePath/Dilhara%20Fernando.jpg?width=330
5b7ab5a9,
844e79d1,
f0af99a7,
8dc152d1,
94bc776b,
de7d833e,
2c25d4f5,
11614d87,
0264c10e,
aa8d28ae,https://commons.wikimedia.org/wiki/Special:FilePath/DAVID%20WIESE%20%2815702924581%29.jpg?width=330
d7a57f75,
d67d5f00,https://commons.wikimedia.org/wiki/Special:FilePath/DAVID%20MILLER%20%2815704846295%29.jpg?width=330
6c79c098,
dcce6f09,https://commons.wikimedia.org/wiki/Special:FilePath/David%20Warner.jpg?width=330
2e9fdf9b,
7050a1e7,
b720a5d6,
45c2196c,https://commons.wikimedia.org/wiki/Special:FilePath/Doug%20Bollinger.jpg?width=330
cd8d2859,
063b3673,
87e562a9,https://commons.wikimedia.org/wiki/Special:FilePath/Dwayne%20Bravo%202010.jpg?width=330
39f82db3,https://commons.wikimedia.org/wiki/Special:FilePath/Daniel%20Harris.jpg?width=330
73ad96ed,
fd835ab3,https://commons.wikimedia.org/wiki/Special:FilePath/David%20Hussey%202.jpg?width=330
a84468fe,
ad9c32a2,https://commons.wikimedia.org/wiki/Special:FilePath/Dawid%20Malan.jpg?width=330
eade4650,
2c76b512,
7d3937ed,https://commons.wikimedia.org/wiki/Special:FilePath/Dominic%20Thornley.jpg?width=330
7f048519,https://commons.wikimedia.org/wiki/Special:FilePath/David%20Willey%20%2851223172836%29.jpg?width=330
c03c6200,https://commons.wikimedia.org/wiki/Special:FilePath/DARREN%20SAMMY.jpg?width=330
1a156c88,https://commons.wikimedia.org/wiki/Special:FilePath/2018.02.03.20.04.13-AUSvNZL%20T20%20NZL%20innings%2C%20SCG%20%2825557959457%29.jpg?width=330
23eeb873,https://commons.wikimedia.org/wiki/Special:FilePath/Deepak%20Chahar.jpg?width=330
d7c6af50,https://commons.wikimedia.org/wiki/Special:FilePath/Daniel%20Vettori%2C%20Dunedin%2C%20NZ%2C%202009.jpg?width=330
14b14cd8,
e0351c86,
df5a6881,
c404f58a,https://commons.wikimedia.org/wiki/Special:FilePath/Dirk%20nannes.jpg?width=330
acd4f5dc,
d18f9182,https://commons.wikimedia.org/wiki/Special:FilePath/Mahela%20Jayawardene.jpg?width=330
69762509,https://commons.wikimedia.org/wiki/Special:FilePath/Damien%20martyn.jpg?width=330
caf69bf7,https://commons.wikimedia.org/wiki/Special:FilePath/Daniel%20Sams%20Batting.jpg?width=330
faa7365d,
35205dfc,https://commons.wikimedia.org/wiki/Special:FilePath/DWAYNE%20SMITH.jpg?width=330
d2a989fc,
53fe6ee4,https://commons.wikimedia.org/wiki/Special:FilePath/DARREN%20LEHMANN%20%2811705311686%29.jpg?width=330
13fc5c6d,
2a2e6343,https://commons.wikimedia.org/wiki/Special:FilePath/Daniel%20Christian.jpg?width=330
f48cf4da,
9e6032fa,
8fd1a8f5,https://commons.wikimedia.org/wiki/Special:FilePath/Dale%20Steyn%20YM.jpg?width=330
bcf325d2,
0ebfb1ad,
5750bcb4,
d2a6c0e6,https://commons.wikimedia.org/wiki/Special:FilePath/Eoin%20morgan.jpg?width=330
b274dbbd,
dce2019b,https://commons.wikimedia.org/wiki/Special:FilePath/FARHAAN%20BERHARDIEN%20%2815681095246%29.jpg?width=330
3355b542,https://commons.wikimedia.org/wiki/Special:FilePath/Faf%20du%20Plessis%202019%20Boxing%20Day.jpg?width=330
b52ffbbd,
bf74b130,
a7c226e1,https://commons.wikimedia.org/wiki/Special:FilePath/Fidel%20Edwards%20%281%29.jpg?width=330
c15e2193,
e9c7f0d0,https://commons.wikimedia.org/wiki/Special:FilePath/Fazalhaq%20Farooqi.jpg?width=330
3204c99f,
bb345e0b,https://commons.wikimedia.org/wiki/Special:FilePath/Gautam%20Gambhir%203.jpg?width=330
f708a0bc,https://commons.wikimedia.org/wiki/Special:FilePath/BradleyHogg%20%28cropped%29.jpg?width=330
72861603,https://commons.wikimedia.org/wiki/Special:FilePath/Graeme%20Smith%20portrait.jpg?width=330
a316d663,
ee7d0c82,https://commons.wikimedia.org/wiki/Special:FilePath/Glenn%20McGrath%20Portrait%2C%202011%2C%20jjron.jpg?width=330
9a46c4e5,
e5437608,
94253925,https://commons.wikimedia.org/wiki/Special:FilePath/Hanuma%20Vihari.png?width=330
be869ccf,
5056011d,https://commons.wikimedia.org/wiki/Special:FilePath/George%20Bailey%202008.jpg?width=330
b681e71e,https://commons.wikimedia.org/wiki/Special:FilePath/Glenn%20Maxwell%203.jpg?width=330
611926bc,https://commons.wikimedia.org/wiki/Special:FilePath/Graham%20Napier.jpg?width=330
1558d83b,
890de8cb,
9f77963a,https://commons.wikimedia.org/wiki/Special:FilePath/Gulbadin%20Naib.jpg?width=330
cc61ee8f,
6eb146d2,
99258814,
0ed0cdbf,
235c2bb6,
52294a79,
4ae1755b,https://commons.wikimedia.org/wiki/Special:FilePath/Harry%20Brook%20%2851225504151%29%20%28cropped%29.jpg?width=330
9948e262,
e412cb64,https://commons.wikimedia.org/wiki/Special:FilePath/3%2003%20Harry%20Gurney.jpg?width=330
e1d1b294,https://commons.wikimedia.org/wiki/Special:FilePath/Herschelle%20Gibbs.jpg?width=330
dbe50b21,https://commons.wikimedia.org/wiki/Special:FilePath/Hardik%20Pandya%20in%20PMO%20New%20Delhi.jpg?width=330
e798611a,https://commons.wikimedia.org/wiki/Special:FilePath/Hashim%20Amla%20fielding.jpg?width=330
0c9652b0,
f986ca1a,
8b5b6769,https://commons.wikimedia.org/wiki/Special:FilePath/Harbhajan%20Singh%27s%20Pepsi%20promotional%20event%20%27Change%20The%20Game%27.jpg?width=330
2a72fd4f,
0bf15e52,
c05edf8e,
28c78fb3,https://commons.wikimedia.org/wiki/Special:FilePath/Harpreet%20Singh%20Bhatia.jpg?width=330
25228673,
77b1aa15,
ebcfef83,
943fd425,
5bb1a1c4,https://commons.wikimedia.org/wiki/Special:FilePath/Ishant%20Sharma%20bowling.JPG?width=330
ac5ae4af,
e0407c01,
fdf7491e,
5fa06777,https://commons.wikimedia.org/wiki/Special:FilePath/Irfan%20Pathan72.jpg?width=330
dded65e7,
641ac5ff,https://commons.wikimedia.org/wiki/Special:FilePath/2018.02.03.20.52.20-AUSvNZL%20T20%20NZL%20innings%2C%20SCG%20%2838618201470%29%20%28Sodhi%20cropped%29.jpg?width=330
acee4cc4,https://commons.wikimedia.org/wiki/Special:FilePath/Imran%20Tahir.jpg?width=330
85aae393,
752f7486,https://commons.wikimedia.org/wiki/Special:FilePath/Ishan%20Kishan.jpg?width=330
f663ef00,
7c503806,https://commons.wikimedia.org/wiki/Special:FilePath/Johan%20Botha.jpg?width=330
9b6e1b3f,
9061a703,
59559bc2,https://commons.wikimedia.org/wiki/Special:FilePath/Jamie%20Overton.jpg?width=330
4125d931,
c64c2443,
dec8e038,
81049310,
dadbdb68,
c3d35165,https://commons.wikimedia.org/wiki/Special:FilePath/Albie%20Morkel%202.jpg?width=330
1ee08e9a,
5574750c,https://commons.wikimedia.org/wiki/Special:FilePath/Australia%20captain%20wicketkeeper%20Tim%20Paine%20and%20spin%20bowler%20Nathan%20Lyon%20of%20Australia%20discuss%20tactics%20as%20Jofra%20Archer%20walks%20to%20the%20wicket%20on%20Day%204%20of%20the%203rd%20Test%20of%20the%202019%20Ashes%20at%20Headingley%20%2848630967226%29%20%28Archer%20cropped%29.jpg?width=330
99b75528,https://commons.wikimedia.org/wiki/Special:FilePath/Jos%20Buttler%202017.jpg?width=330
91ffa6c6,
1e66c162,https://commons.wikimedia.org/wiki/Special:FilePath/2%2009%20Jaydev%20Unadkat%201.jpg?width=330
3eac9d95,
9219eff0,
a343262c,https://commons.wikimedia.org/wiki/Special:FilePath/England%20captain%20Joe%20Root%202019.jpg?width=330
4180d897,https://commons.wikimedia.org/wiki/Special:FilePath/Jerome%20Taylor%20%281%29.jpg?width=330
cf73ad76,https://commons.wikimedia.org/wiki/Special:FilePath/James%20Franklin%20and%20Joe%20Burns.jpg?width=330
3c55c703,
86dc8f2e,https://commons.wikimedia.org/wiki/Special:FilePath/Jacques%20Kallis%206.jpg?width=330
462411b3,https://commons.wikimedia.org/wiki/Special:FilePath/Jasprit%20Bumrah%20in%20PMO%20New%20Delhi.jpg?width=330
d1c36f5c,https://commons.wikimedia.org/wiki/Special:FilePath/Jason%20Roy%20with%20the%20Sydney%20Sixers.jpg?width=330
6821ac10,https://commons.wikimedia.org/wiki/Special:FilePath/VDWath.JPG?width=330
bdadf7da,https://commons.wikimedia.org/wiki/Special:FilePath/Joe%20Denly.jpg?width=330
f752db61,https://commons.wikimedia.org/wiki/Special:FilePath/James%20Pattinson%202010.jpg?width=330
abb83e27,https://commons.wikimedia.org/wiki/Special:FilePath/Jonny%20Bairstow.jpg?width=330
6581d753,
800d2d97,
0f721006,https://commons.wikimedia.org/wiki/Special:FilePath/Jason%20Holder.jpg?width=330
4933f499,https://commons.wikimedia.org/wiki/Special:FilePath/Jason%20behrendorff.jpg?width=330
2e8994e7,https://commons.wikimedia.org/wiki/Special:FilePath/JP%20DUMINY%20%2815681035036%29.jpg?width=330
808f425a,https://commons.wikimedia.org/wiki/Special:FilePath/James%20Faulkner.jpg?width=330
989889ff,https://commons.wikimedia.org/wiki/Special:FilePath/Josh%20Inglis%20The%20Test%20clip.png?width=330
99ed60f8,
03806cf8,https://commons.wikimedia.org/wiki/Special:FilePath/Josh%20Hazlewood%202011.jpg?width=330
2498e163,https://commons.wikimedia.org/wiki/Special:FilePath/James%20Hopes.jpg?width=330
39086549,
012829ff,
249abedf,
d7b3a420,
9f961c14,
a1f1829d,
90de905a,
f6d8a7ab,
fa2f1dde,
e62dd25d,https://commons.wikimedia.org/wiki/Special:FilePath/Rabada.jpg?width=330
531f0278,
27e71d47,
030f3089,
68c56d09,https://commons.wikimedia.org/wiki/Special:FilePath/Kyle%20Jamieson%202015%20%28cropped%29.jpg?width=330
0b60eb09,https://commons.wikimedia.org/wiki/Special:FilePath/New%20face%206-%20Keshav%20Maharaj.jpg?width=330
a757b0d8,https://commons.wikimedia.org/wiki/Special:FilePath/Kieron%20pollard%20training.jpg?width=330
78eb4223,https://commons.wikimedia.org/wiki/Special:FilePath/Kemar%20Roach%20%28cropped%29.jpg?width=330
7daedf2f,
edb3d4f8,https://commons.wikimedia.org/wiki/Special:FilePath/K.%20C.%20Cariappa.jpg?width=330
6b71e6cf,https://commons.wikimedia.org/wiki/Special:FilePath/Sangakkara%20%28portrait%29.jpg?width=330
c03f1114,https://commons.wikimedia.org/wiki/Special:FilePath/Dinesh%20Karthik%202.jpg?width=330
5b8c830e,https://commons.wikimedia.org/wiki/Special:FilePath/Krunal%20Pandya%20and%20Hardik%20Pandya%20%28cropped%29%201.jpg?width=330
a9da7784,https://commons.wikimedia.org/wiki/Special:FilePath/KYLE%20ABBOTT%20%2815085178894%29.jpg?width=330
a2f46292,https://commons.wikimedia.org/wiki/Special:FilePath/2%2029%20Khaleel%20mugshot.jpg?width=330
557153ca,
944533a5,https://commons.wikimedia.org/wiki/Special:FilePath/Karun%20nair%20With%20Rashid%20Zirak.jpg?width=330
b4f5c2d9,
b17e2f24,https://commons.wikimedia.org/wiki/Special:FilePath/LOKESH%20RAHUL-15573141953%20%28cropped%29.JPG?width=330
798cc28e,
99d63244,
75224f22,
469ea22b,https://commons.wikimedia.org/wiki/Special:FilePath/Nuwan%20Kulasekara.jpg?width=330
d92e42f5,
39f01cdb,https://commons.wikimedia.org/wiki/Special:FilePath/Kevin%20Pietersen.jpg?width=330
73c18486,https://commons.wikimedia.org/wiki/Special:FilePath/Kyle%20Mayers%20batting%20at%20Perth%20Stadium%2C%20First%20Test%20Australia%20versus%20West%20Indies%2C%202%20December%202022%2011.jpg?width=330
2e78f685,
44a89551,
e3851766,
39ed0d2f,
d027ba9f,https://commons.wikimedia.org/wiki/Special:FilePath/Kane%20Williamson%20in%202019.jpg?width=330
107c26fb,
119678fd,https://commons.wikimedia.org/wiki/Special:FilePath/Karn%20Sharma%202015.jpg?width=330
dfc4d8b5,https://commons.wikimedia.org/wiki/Special:FilePath/Kane%20Richardson%202.jpg?width=330
ff077124,https://commons.wikimedia.org/wiki/Special:FilePath/Kamran%20akmal.jpg?width=330
6ef60d3a,
1647bd37,
62175638,
7b679de5,
5d2eea49,
e48a4814,
8d2c70ad,https://commons.wikimedia.org/wiki/Special:FilePath/Kuldeep%20Yadav%20in%20PMO%20New%20Delhi.jpg?width=330
57ca01b3,
8b9704ae,
b2b50355,
f834dcfc,https://commons.wikimedia.org/wiki/Special:FilePath/Lungi%20Ngidi.jpg?width=330
0fa5042b,https://commons.wikimedia.org/wiki/Special:FilePath/Luke%20Ronchi%202010.jpg?width=330
65b6943c,https://commons.wikimedia.org/wiki/Special:FilePath/2%2016%20Luke%20Wood%20sequence%20%28cropped%29.jpg?width=330
d872f52a,https://commons.wikimedia.org/wiki/Special:FilePath/Lee%20Carseldine.jpg?width=330
b63ab531,https://commons.wikimedia.org/wiki/Special:FilePath/Luke%20Pomersbach%202010.jpg?width=330
a1d95bd8,
9a963804,https://commons.wikimedia.org/wiki/Special:FilePath/Liam%20Plunkett%202017%20%28cropped%29.jpg?width=330
60aa2db3,
2f9d0389,https://commons.wikimedia.org/wiki/Special:FilePath/Lockie%20Ferguson.jpg?width=330
d3611425,
cca50cd6,https://commons.wikimedia.org/wiki/Special:FilePath/Luke%20Wright%20in%202008.JPG?width=330
89f64c19,https://commons.wikimedia.org/wiki/Special:FilePath/Lendl%20Simmons.jpg?width=330
1be70c88,
b1451597,
b61a3e1a,https://commons.wikimedia.org/wiki/Special:FilePath/Ross%20Taylor%20CNZM%20%28cropped%29.jpg?width=330
50c6bc2b,
ad427b5c,
0404d43c,https://commons.wikimedia.org/wiki/Special:FilePath/Liton%20Das%20%283%29.jpg?width=330
e2db2409,https://commons.wikimedia.org/wiki/Special:FilePath/M%20Ashwin.jpg?width=330
81c36ee9,https://commons.wikimedia.org/wiki/Special:FilePath/Marco%20Jansen%202022.jpg?width=330
d84378a4,
abfeb126,https://commons.wikimedia.org/wiki/Special:FilePath/Murali%20kartik%20bowling.jpg?width=330
b970a03f,https://commons.wikimedia.org/wiki/Special:FilePath/Michael%20Klinger.jpg?width=330
c42aaf71,https://commons.wikimedia.org/wiki/Special:FilePath/Mithun%20manhas.jpg?width=330
a9fd84fb,
5bb5a915,https://commons.wikimedia.org/wiki/Special:FilePath/Morne%20Morkel.jpg?width=330
4ba44e19,https://commons.wikimedia.org/wiki/Special:FilePath/MuralitharanBust2004IMG.JPG?width=330
20a941bb,https://commons.wikimedia.org/wiki/Special:FilePath/Makhaya%20Ntini%204.jpg?width=330
64839cb3,
85e0cf10,
de8d3876,
7dcb9bc9,https://commons.wikimedia.org/wiki/Special:FilePath/Shahrukh%20Khan.jpg?width=330
cf0ccafa,
f24c6701,
fb5f69e4,
4b57e452,https://commons.wikimedia.org/wiki/Special:FilePath/Murali%20Vijay.jpg?width=330
c03e2850,https://commons.wikimedia.org/wiki/Special:FilePath/MananVohra%20Magic%20book%20of%20record.jpg?width=330
d4eef961,https://commons.wikimedia.org/wiki/Special:FilePath/MARCHANT%20DE%20LANGE%20%2815706712732%29.jpg?width=330
00ea847a,https://commons.wikimedia.org/wiki/Special:FilePath/Mayank%20agarwal%20%28cropped%29.jpg?width=330
0d232ffd,
3fb19989,https://commons.wikimedia.org/wiki/Special:FilePath/Mitchell%20Starc%202023.jpg?width=330
8d92a2c3,https://commons.wikimedia.org/wiki/Special:FilePath/Mark%20Wood%20cricketer.jpg?width=330
86ae8ef2,https://commons.wikimedia.org/wiki/Special:FilePath/Mohnishparmar.jpg?width=330
32198ae0,https://commons.wikimedia.org/wiki/Special:FilePath/Moises%27%20Henriques%20NSW.jpg?width=330
605b7efa,
1c84109e,
6afb26d6,
3ff033bb,
f21043a5,
48fd7349,https://commons.wikimedia.org/wiki/Special:FilePath/Mike%20Hussey%203.jpg?width=330
ab89348d,
e38bce7a,
f5180fe6,https://commons.wikimedia.org/wiki/Special:FilePath/Mitchell%20Johnson%20YM.jpg?width=330
0164b064,https://commons.wikimedia.org/wiki/Special:FilePath/4%2006%20Michael%20Neser.jpg?width=330
f842c2cf,https://commons.wikimedia.org/wiki/Special:FilePath/Pm%20cricket%20shots09%205995.jpg?width=330
2be41edb,https://commons.wikimedia.org/wiki/Special:FilePath/Martin%20Guptill%20MNZM%20%28cropped%29.jpg?width=330
e84ac20c,https://commons.wikimedia.org/wiki/Special:FilePath/Matt%20Henry%202018.jpg?width=330
11df3dc8,https://commons.wikimedia.org/wiki/Special:FilePath/Michael%20Lumb%20cricketer.jpg?width=330
51a3c5ef,
f2c936d7,
e4a0deae,
025c4400,
da934ee8,
93b4fc78,https://commons.wikimedia.org/wiki/Special:FilePath/Manish%20Pandey%20%281%29.jpg?width=330
26e5cabf,https://commons.wikimedia.org/wiki/Special:FilePath/Manoj%20Tiwary%202.jpg?width=330
d8699ab7,https://commons.wikimedia.org/wiki/Special:FilePath/Matthew%20Hayden%20Image.jpg?width=330
bb351c23,https://commons.wikimedia.org/wiki/Special:FilePath/2018.01.06.17.47.32-Moeen%20Ali%20%2838876905344%29%20%28cropped%29.jpg?width=330
f0f628c7,https://commons.wikimedia.org/wiki/Special:FilePath/Munaf%20Patel%202.jpg?width=330
759ac88f,
f846de6a,https://commons.wikimedia.org/wiki/Special:FilePath/Chicago%20Tornadoes%20Marlon%20Samuels.jpg?width=330
710dd98c,
35f173a0,
d9273ee7,https://commons.wikimedia.org/wiki/Special:FilePath/2018.01.21.15.22.25-Stoinis%20%2839081521620%29.jpg?width=330
b1ad996b,
3d8feaf8,https://commons.wikimedia.org/wiki/Special:FilePath/Mitchell%20Marsh.jpg?width=330
e96801ea,
5afd4539,
4a8a2e3b,https://commons.wikimedia.org/wiki/Special:FilePath/The%20President%2C%20Shri%20Ram%20Nath%20Kovind%20presenting%20the%20Padma%20Bhushan%20Award%20to%20Shri%20M.S.%20Dhoni%2C%20at%20the%20Civil%20Investiture%20Ceremony-II%2C%20at%20Rashtrapati%20Bhavan%2C%20in%20New%20Delhi%20on%20April%2002%2C%202018.jpg?width=330
ae78bc32,https://commons.wikimedia.org/wiki/Special:FilePath/Mpsgoni.jpg?width=330
afa7e784,https://commons.wikimedia.org/wiki/Special:FilePath/Matthew%20Wade.jpg?width=330
f3cb53a1,https://commons.wikimedia.org/wiki/Special:FilePath/Markboucher.jpg?width=330
a90e53ec,
c3a96caf,https://commons.wikimedia.org/wiki/Special:FilePath/Mandeep%20Singh%202019.jpg?width=330
e186f49c,https://commons.wikimedia.org/wiki/Special:FilePath/Mashrafe%20Mortaza%20fielding%2C%2023%20January%2C%202009%2C%20Dhaka%20SBNS.jpg?width=330
a457cfb5,
2b801189,
7eae4418,https://commons.wikimedia.org/wiki/Special:FilePath/Misbah-ul-Haq%20%28cropped%29.jpg?width=330
2bb09eb2,https://commons.wikimedia.org/wiki/Special:FilePath/Mohammad%20Ashraful%20%283%29.jpg?width=330
e03b66ec,https://commons.wikimedia.org/wiki/Special:FilePath/Mohammad%20Asif.jpg?width=330
9ab63e7b,https://commons.wikimedia.org/wiki/Special:FilePath/Mohammad%20hafeez.jpg?width=330
62af8546,https://commons.wikimedia.org/wiki/Special:FilePath/Mohammad%20Nabi-Australia.jpg?width=330
8cf9814c,https://commons.wikimedia.org/wiki/Special:FilePath/Mohammed%20Shami%20%28Indian%20Cricket%20team%20training%20SCG%202015%29.jpg?width=330
2f49c897,https://commons.wikimedia.org/wiki/Special:FilePath/Mohammad%20Siraj%20in%20PMO%20New%20Delhi.jpg?width=330
9a5f2863,
c33d8116,
fb24e76c,
7d92277a,https://commons.wikimedia.org/wiki/Special:FilePath/Mujeeb%20Ur%20Rahman%20celebrating.jpg?width=330
765a4731,
2cffab74,
d621b427,
0a8fce53,https://commons.wikimedia.org/wiki/Special:FilePath/Mustafizur%20Rahman%20%284%29%20%28cropped%29.jpg?width=330
465aa633,
bd54eef5,
3241e3fd,
fb2d1dda,
addbde6c,
3cea23da,
ee1b6c27,
d1a60072,
b822e99c,
6ec424a9,
44afbf2d,https://commons.wikimedia.org/wiki/Special:FilePath/Nic%20Maddinson.jpg?width=330
6042bf26,
a2870fb7,
5673a3fc,
0f12f9df,https://commons.wikimedia.org/wiki/Special:FilePath/Thisara%20Perera%20getting%20ready%20to%20bowl.JPG?width=330
56ab442f,
aedc3b7c,
9eb1455b,
890946a0,https://commons.wikimedia.org/wiki/Special:FilePath/NAMAN%20OJHA%20%2816192960225%29.jpg?width=330
fffa744b,
21d4e29b,
c0c411cb,
aad0c365,https://commons.wikimedia.org/wiki/Special:FilePath/Nitish%20Kumar%20Reddy%20BGT%202024%20%28cropped%29%202.jpg?width=330
efc04be7,
c6097d68,
7bf96684,
529eb9e0,
23cca426,
6ad3a659,
1a0c3177,
8ac93ca2,
2728e7e9,
ed5a5510,
e938e1bc,https://commons.wikimedia.org/wiki/Special:FilePath/Praveen%20Kumar.jpg?width=330
f62772e5,
8ee36b18,
0c432afb,
ddb00822,
441c72ae,
9a0146b3,
9418198b,
cedc1d9a,
b5da6c24,https://commons.wikimedia.org/wiki/Special:FilePath/ParthivPatel.jpg?width=330
2461eef2,
6c882e9a,
25eeb281,
a386e91b,https://commons.wikimedia.org/wiki/Special:FilePath/Paul%20Collingwood.jpg?width=330
3d284ca3,https://commons.wikimedia.org/wiki/Special:FilePath/2%2002%20Phil%20Salt.jpg?width=330
c695b423,
08548b13,
ded9240e,https://commons.wikimedia.org/wiki/Special:FilePath/Pat%20Cummins%20fielding%20Ashes%202021%20%28cropped%29.jpg?width=330
9fc0ef64,
bb965e9a,
4b4d1957,
663b5e34,
98ae73b1,https://commons.wikimedia.org/wiki/Special:FilePath/Piyush%20Chawla.jpg?width=330
ece7b6b3,
6c6591ab,https://commons.wikimedia.org/wiki/Special:FilePath/Pragyan%20Ojha.jpg?width=330
8b3e9c7c,https://commons.wikimedia.org/wiki/Special:FilePath/Prithvi%20shaw.png?width=330
0aadc906,
e148e6bd,
ada15e88,https://commons.wikimedia.org/wiki/Special:FilePath/Peter%20Handscomb.jpg?width=330
6aed7e79,
327b58d3,
c27b5a0e,
c96f6ac5,
a97c8ec2,https://commons.wikimedia.org/wiki/Special:FilePath/Waniya.jpg?width=330
e32d22f6,
9170ff49,https://commons.wikimedia.org/wiki/Special:FilePath/PR%2020231223%20195458.jpg?width=330
80b2fb19,
b5797845,
372455c4,https://commons.wikimedia.org/wiki/Special:FilePath/QUINTON%20DE%20KOCK%20%2815085160584%29.jpg?width=330
495d42a5,https://commons.wikimedia.org/wiki/Special:FilePath/Ravi%20Ashwin.jpg?width=330
33a364a6,
4d5a1617,
26a85969,
0184dc35,https://commons.wikimedia.org/wiki/Special:FilePath/Rahul%20Dravid%20in%20PMO%20New%20Delhi.jpg?width=330
266849c1,
c654af19,https://commons.wikimedia.org/wiki/Special:FilePath/RYAN%20MCLAREN%20%2815519878577%29.jpg?width=330
bafd0398,
ce4cc4d5,https://commons.wikimedia.org/wiki/Special:FilePath/Ryan%20Ninan.jpg?width=330
04a418e8,
650d5e49,
d68e7f48,https://commons.wikimedia.org/wiki/Special:FilePath/Ravi%20Rampaul.jpg?width=330
ba5e1069,https://commons.wikimedia.org/wiki/Special:FilePath/Rachin%20Ravindra.jpg?width=330
c7a995d3,https://commons.wikimedia.org/wiki/Special:FilePath/Sai%20Kishore.jpg?width=330
33ffc3dd,
626c5379,
5d9a1a73,
c5aef772,
de4b0555,
c1e53c3f,
39a2dfa8,
41eb4a4f,https://commons.wikimedia.org/wiki/Special:FilePath/Vinay%20Kumar%20%28cricketer%29.jpg?width=330
ba6b2f91,
fe93fd9d,https://commons.wikimedia.org/wiki/Special:FilePath/Ravindrasinh%20Jadeja%20during%20BGT%20in%20Ahemdabad.jpg?width=330
7c390b03,
77255a9e,
2ed569a0,
45a43fe2,https://commons.wikimedia.org/wiki/Special:FilePath/Ruturaj%20Gaikwad.jpeg?width=330
e66732f8,https://commons.wikimedia.org/wiki/Special:FilePath/2%2040%20Ryan%20Rickleton.jpg?width=330
18c78b11,https://commons.wikimedia.org/wiki/Special:FilePath/Richard%20levi.jpg?width=330
05c2ca46,https://commons.wikimedia.org/wiki/Special:FilePath/Roelof%20van%20der%20Merwe.jpg?width=330
b2b23612,
740742ef,https://commons.wikimedia.org/wiki/Special:FilePath/Rohit%20Sharma%20in%20PMO%20New%20Delhi.jpg?width=330
402f8494,https://commons.wikimedia.org/wiki/Special:FilePath/Richard%20Gleeson.jpg?width=330
12eddf28,https://commons.wikimedia.org/wiki/Special:FilePath/Ryan%20Harris%202014.jpg?width=330
26ff4c29,https://commons.wikimedia.org/wiki/Special:FilePath/Robin%20Peterson.jpg?width=330
23ac69e6,https://commons.wikimedia.org/wiki/Special:FilePath/Rob%20Quiney.jpg?width=330
8db7f47f,https://commons.wikimedia.org/wiki/Special:FilePath/Reece%20Topley.png?width=330
b63e358a,
0a509d6b,
c740ea83,
4ec07775,https://commons.wikimedia.org/wiki/Special:FilePath/Ryan%20ten%20doeschate.jpg?width=330
64775749,
c3d1402f,
7d3720ba,
21ac077a,
919a3be2,https://commons.wikimedia.org/wiki/Special:FilePath/Rishabh%20Pant.jpg?width=330
5d096f3d,
5f4e9e8f,
cad00a4d,https://commons.wikimedia.org/wiki/Special:FilePath/RILEE%20ROSSOUW%20%2815706681502%29.jpg?width=330
36d33dd0,https://commons.wikimedia.org/wiki/Special:FilePath/Ramnaresh%20Sarwan.jpg?width=330
7ca5e05d,https://commons.wikimedia.org/wiki/Special:FilePath/Ravinder%20Bopara.jpg?width=330
9ff100a6,https://commons.wikimedia.org/wiki/Special:FilePath/Rohan%20Gavaskar.jpg?width=330
dee07622,
c3c92b42,
a3ecf01f,
7d415ea5,https://commons.wikimedia.org/wiki/Special:FilePath/Ricky%20Ponting%20YM.jpg?width=330
b2570b38,
60500956,
1c17e270,https://commons.wikimedia.org/wiki/Special:FilePath/Robin%20Uthappa%202.jpg?width=330
67af6f81,
5b615e7c,
0bacade8,
be24ead0,
5f547c8b,https://commons.wikimedia.org/wiki/Special:FilePath/Rashid%20Khan.jpg?width=330
b8527c3d,https://commons.wikimedia.org/wiki/Special:FilePath/IG%2020231222%20080959.jpg?width=330
df064e1a,
548516a6,
95a2ea61,
957532de,https://commons.wikimedia.org/wiki/Special:FilePath/Arvind%20S%20Sreenath.jpg?width=330
d7423da1,
76388dc8,
3576e47e,https://commons.wikimedia.org/wiki/Special:FilePath/Subramaniam%20Badrinath.JPG?width=330
881a9bdd,https://commons.wikimedia.org/wiki/Special:FilePath/BrianLaraUkexpatCropped.jpg?width=330
0a476045,https://commons.wikimedia.org/wiki/Special:FilePath/Shikhar%20Dhawan%20January%202016%20%28cropped%29.jpg?width=330
a4e37e47,https://commons.wikimedia.org/wiki/Special:FilePath/Shivam%20Dube%20in%20PMO%20New%20Delhi.jpg?width=330
7a8bd078,https://commons.wikimedia.org/wiki/Special:FilePath/Rajasthan%20Royals%20player%20Shreyas%20Gopal%20in%20a%20post-match%20presentation%20during%202019%20Indian%20Premier%20League.png?width=330
97290faf,
dcf81436,
1da489ff,
fb693839,
b410bd3d,https://commons.wikimedia.org/wiki/Special:FilePath/Sandeep%20Lamichhane%20in%202018.png?width=330
ade90de7,
9d80c5e1,
287686fd,
90edaaa9,
f5f18a18,https://commons.wikimedia.org/wiki/Special:FilePath/Suraj%20Randiv.jpg?width=330
cdc6bdba,
3fca55af,
6b8eb6e5,https://commons.wikimedia.org/wiki/Special:FilePath/Sreesanth%201.jpg?width=330
64a4c383,
c24a2c5d,
756389bd,
1a2676c5,https://commons.wikimedia.org/wiki/Special:FilePath/Sean%20Abbott.jpg?width=330
ae091d39,https://commons.wikimedia.org/wiki/Special:FilePath/Swapnil%20Asnodkar%202009.jpg?width=330
271f83cd,https://commons.wikimedia.org/wiki/Special:FilePath/Suryakumar%20Yadav%20%281%29.jpg?width=330
0604ef16,https://commons.wikimedia.org/wiki/Special:FilePath/Sanjay%20Bangar%20%28Indian%20Cricket%20team%20training%20SCG%202015%29.jpg?width=330
6b2ff18f,
c8179c68,https://commons.wikimedia.org/wiki/Special:FilePath/Shadab%20Jakati%20in%202016%20%2801%29.jpg?width=330
670709ec,https://commons.wikimedia.org/wiki/Special:FilePath/Sunil%20Joshi%20in%202013.jpg?width=330
57efa3be,https://commons.wikimedia.org/wiki/Special:FilePath/Scott%20Styris%2011.jpg?width=330
dddca1d6,
725529bc,https://commons.wikimedia.org/wiki/Special:FilePath/Sourav%20Ganguly%20closeup.jpg?width=330
fef92afc,
facb9086,
1fc6ef83,https://commons.wikimedia.org/wiki/Special:FilePath/Shai%20Hope.jpg?width=330
9601c534,https://commons.wikimedia.org/wiki/Special:FilePath/Siddhesh%20Lad.jpg?width=330
4f629497,https://commons.wikimedia.org/wiki/Special:FilePath/Shane%20Bond%2C%20Dunedin%2C%20NZ%2C%202009%202.jpg?width=330
508a1ea7,https://commons.wikimedia.org/wiki/Special:FilePath/Shaun%20Marsh.jpg?width=330
d014d5ac,
83c3e8e3,
2049f3a0,
1dc12ab9,https://commons.wikimedia.org/wiki/Special:FilePath/Suresh%20Raina1.jpg?width=330
cbf58a86,
3d7e087f,
bb18be76,https://commons.wikimedia.org/wiki/Special:FilePath/Shane%20Warne%20February%202015.jpg?width=330
a12e1d51,https://commons.wikimedia.org/wiki/Special:FilePath/Lasith%20Malinga%20tossing%20a%20cricket%20ball%20at%20practice.jpg?width=330
d167edd3,https://commons.wikimedia.org/wiki/Special:FilePath/Scott%20boland%20fielder%20%28cropped%29.jpg?width=330
e94915e6,https://commons.wikimedia.org/wiki/Special:FilePath/The%20Prime%20Minister%20welcomes%20the%20World%20Cup%20winning%20cricketers%20%2852764650104%29%20-%20Sam%20Curran%20%28cropped%29.jpg?width=330
63bff7f9,
fdedb37c,https://commons.wikimedia.org/wiki/Special:FilePath/Katich2.jpg?width=330
88fccd6c,https://commons.wikimedia.org/wiki/Special:FilePath/Shaun%20Pollock.JPG?width=330
4c4fa80b,
f088b960,
1abb78f8,
48a1d7b7,https://commons.wikimedia.org/wiki/Special:FilePath/Shimron%20Hetmyer.jpg?width=330
eea6b7f1,https://commons.wikimedia.org/wiki/Special:FilePath/Stephen%20Fleming%20captain.jpg?width=330
541f85c9,
acc1aeda,
9d430b40,https://commons.wikimedia.org/wiki/Special:FilePath/Sunil%20Narine.jpg?width=330
30a45b23,https://commons.wikimedia.org/wiki/Special:FilePath/STEVE%20SMITH%20%2811705303043%29.jpg?width=330
11061889,
d2c2b2d5,https://commons.wikimedia.org/wiki/Special:FilePath/Sachin%20at%20Castrol%20Golden%20Spanner%20Awards%20%28crop%29.jpg?width=330
4329fbb5,https://commons.wikimedia.org/wiki/Special:FilePath/Shane%20Watson.jpg?width=330
b51f72a5,
a1d053dd,
85ec8e33,https://commons.wikimedia.org/wiki/Special:FilePath/Shreyas%20Iyer%202021.jpg?width=330
92500ad5,
0af3426f,
9385de2e,https://commons.wikimedia.org/wiki/Special:FilePath/Suyash%20Prabhudessai.jpg?width=330
caa89a48,
5f5d3ad4,
709b0bac,https://commons.wikimedia.org/wiki/Special:FilePath/India%20Vs%20New%20zealand%20One%20day%20International%2C%2010%20December%202010%20%286160465490%29.jpg?width=330
8361e524,
f233bbb4,https://commons.wikimedia.org/wiki/Special:FilePath/Sanath%20jayasuriya%20portrait.jpg?width=330
bd17b45f,https://commons.wikimedia.org/wiki/Special:FilePath/Stuart%20Binny%20%282019%29.jpg?width=330
926c7443,
a4cc73aa,https://commons.wikimedia.org/wiki/Special:FilePath/Sanju%20Samson%20in%20PMO%20New%20Delhi.jpg?width=330
c16d4035,https://commons.wikimedia.org/wiki/Special:FilePath/Sam%20Billings%20Kent%20V%20Surrey%202015%20at%20Kia%20Oval%20Cricket%20Ground%20%2827190750944%29.jpg?width=330
addfb70e,https://commons.wikimedia.org/wiki/Special:FilePath/Shaun%20Tait%203.jpg?width=330
9d704f6f,
dc9dd038,https://commons.wikimedia.org/wiki/Special:FilePath/Sachin%20baby.jpg?width=330
280fff14,
4d6d6280,https://commons.wikimedia.org/wiki/Special:FilePath/Salman%20Butt%20%282019%29%201.jpg?width=330
f89d3b11,https://commons.wikimedia.org/wiki/Special:FilePath/Sameer%20rizvi%20With%20Rashid%20Zirak.jpg?width=330
ce820073,
b0f2baf4,https://commons.wikimedia.org/wiki/Special:FilePath/Sanvir%20Singh.jpg?width=330
9e7225b0,
3c28853f,
f9e6e7ef,
0dc00542,https://commons.wikimedia.org/wiki/Special:FilePath/Shahid%20Afridi%20in%202017.jpg?width=330
7dc35884,https://commons.wikimedia.org/wiki/Special:FilePath/Shakib%20Al%20Hasan%20%284%29%20%28cropped%29.jpg?width=330
26989d80,
c38d3503,
6f49cc6e,
e1d9ae9c,
7b44eb3e,
8a668774,
10a91f35,https://commons.wikimedia.org/wiki/Special:FilePath/Shoaib%20Akhtar%20cropped.jpg?width=330
64c34cd0,https://commons.wikimedia.org/wiki/Special:FilePath/Shoaib%20Malik%20answering%20RAPID%20FIRE%20questions%20%28PCB%29%2001.jpg?width=330
b4b99816,
26d041c4,https://commons.wikimedia.org/wiki/Special:FilePath/Sikandar%20Raza%202022.jpg?width=330
30df8c66,
64d43928,https://commons.wikimedia.org/wiki/Special:FilePath/Sohail%20Tanvir%20with%20a%20native%20eagle%20in%20the%20UAE.jpg?width=330
8998a68f,
ee3dfa89,
30e37810,
970ddd24,
9440ef41,https://commons.wikimedia.org/wiki/Special:FilePath/Suyash%20Sharma.png?width=330
983f2f61,
25f7b7d6,
f12fe2a1,
0a4ebc61,
f836b33d,https://commons.wikimedia.org/wiki/Special:FilePath/Tom%20Kohler-Cadmore.jpg?width=330
40caa465,
ce794613,https://commons.wikimedia.org/wiki/Special:FilePath/T%20Natarajan.jpg?width=330
a03bba42,
85b3fab2,
75de770f,
b2ae53f5,
51ec3919,
a818c1be,https://commons.wikimedia.org/wiki/Special:FilePath/Trent%20Boult.jpg?width=330
5748e866,https://commons.wikimedia.org/wiki/Special:FilePath/Tim%20Paine.jpg?width=330
13c35c9e,https://commons.wikimedia.org/wiki/Special:FilePath/Tim%20Southee.jpg?width=330
f1f99156,
e86754b2,https://commons.wikimedia.org/wiki/Special:FilePath/Tom%20Curran%20cricketer.jpg?width=330
4663bd23,
aaa1b522,
5bdcdb72,https://commons.wikimedia.org/wiki/Special:FilePath/Tillakaratne%20Dilshan%20portrait.jpg?width=330
12b610c2,https://commons.wikimedia.org/wiki/Special:FilePath/Travis%20Head%20bowling%20at%20Perth%20Stadium%2C%20First%20Test%20Australia%20versus%20West%20Indies%2C%202%20December%202022%2003%20%28cropped%29.jpg?width=330
a76d10ba,
2f3817ce,https://commons.wikimedia.org/wiki/Special:FilePath/T%20Sudhindra.jpg?width=330
d2d4bb0a,https://commons.wikimedia.org/wiki/Special:FilePath/Tasmanian%20Cricketer%20Travis%20Birt%20-%20NSW%20v%20Tasmania%2C%20Hurstville%20Oval.%20Saturday%2029%20November%202008..jpg?width=330
245c97cb,https://commons.wikimedia.org/wiki/Special:FilePath/Tom%20Craddock%20%28left%29%20and%20Tymal%20Mills%20%28right%29%20%28cropped%29.jpg?width=330
46a9bea1,https://commons.wikimedia.org/wiki/Special:FilePath/Tushar%20Deshpande.jpg?width=330
5724e517,
c28e9f12,
b0482a1d,https://commons.wikimedia.org/wiki/Special:FilePath/Tilak%20Varma%20in%20March%202026.png?width=330
622cc511,
91b9300b,
0c94f480,https://commons.wikimedia.org/wiki/Special:FilePath/Unmukt%20Chand.jpg?width=330
331ea488,https://commons.wikimedia.org/wiki/Special:FilePath/USMAN%20KHAWAJA%20%286631350471%29.jpg?width=330
cc1e8c68,https://commons.wikimedia.org/wiki/Special:FilePath/Umesh%20Yadav.jpg?width=330
16dfcc19,https://commons.wikimedia.org/wiki/Special:FilePath/Umer%20Gul.jpg?width=330
81c08fa3,https://commons.wikimedia.org/wiki/Special:FilePath/Umran%20Malik%20in%20GGM.jpg?width=330
cf59b3f0,
d4d929b0,
ba607b88,https://commons.wikimedia.org/wiki/Special:FilePath/Virat%20Kohli%20during%20the%20India%20vs%20Aus%204th%20Test%20match%20at%20Narendra%20Modi%20Stadium%20on%2009%20March%202023.jpg?width=330
5ffc0565,
d718440b,
1e030637,
8ba8195d,https://commons.wikimedia.org/wiki/Special:FilePath/Virender%20Sehwag%20in%202008.jpg?width=330
0994d0ae,https://commons.wikimedia.org/wiki/Special:FilePath/Vijay%20Shankar%203.jpg?width=330
470f446b,https://commons.wikimedia.org/wiki/Special:FilePath/Vaibhav%20Suryavanshi%20meets%20PM%20Modi.jpg?width=330
03a83c50,
7c3b3b78,
6dbcf855,
0a3d54b9,https://commons.wikimedia.org/wiki/Special:FilePath/Varun%20Aaron.jpg?width=330
a24be938,https://commons.wikimedia.org/wiki/Special:FilePath/Venkatesh%20Iyer.png?width=330
034b4b7d,
5f26df4f,
38f2c66c,
de8cce37,https://commons.wikimedia.org/wiki/Special:FilePath/VVS%20Laxman99.jpg?width=330
93a17209,
54e52590,
26d76ad9,
0494fa6e,
1b7b0fa7,
619aa81f,https://commons.wikimedia.org/wiki/Special:FilePath/Waseem%20Jaffer.jpg?width=330
cb9b8664,https://commons.wikimedia.org/wiki/Special:FilePath/2%2014%20Will%20O%27Rourke%20mugshot.jpg?width=330
3dba85c2,
3a60e0b5,https://commons.wikimedia.org/wiki/Special:FilePath/Wayne%20Parnell.jpg?width=330
9caf69a1,
fe11caa6,https://commons.wikimedia.org/wiki/Special:FilePath/Wriddhiman%20Saha.jpg?width=330
bcce309e,https://commons.wikimedia.org/wiki/Special:FilePath/Chaminda%20Vaas.jpg?width=330
f19ccfad,https://commons.wikimedia.org/wiki/Special:FilePath/Washington%20Sundar.jpg?width=330
1763bc6c,https://commons.wikimedia.org/wiki/Special:FilePath/Casual%20look%20of%20Thalaivan%202014-02-10%2000-07.jpg?width=330
3b53243a,
bae11797,
662c47a6,
cfa4bd2b,
fe763256,
4353bba5,
6c19c6e5,https://commons.wikimedia.org/wiki/Special:FilePath/Yashasvi%20Jaiswal%20in%20PMO%20New%20Delhi.jpg?width=330
3c6ffae8,https://commons.wikimedia.org/wiki/Special:FilePath/Yusuf%20Pathan.jpg?width=330
57ee1fde,https://commons.wikimedia.org/wiki/Special:FilePath/Yuzvendra%20Chahal%20in%20PMO%20New%20Delhi.jpg?width=330
dd7e9b3b,
4e04666c,
7210d461,
02dfebbe,
4b31f3a3,
297b26da,
33cb3411,https://commons.wikimedia.org/wiki/Special:FilePath/Younus%20Khan%202010.jpg?width=330
4885bbe6,
1c914163,https://commons.wikimedia.org/wiki/Special:FilePath/YuvrajSingh01.jpg?width=330
91a4a398,https://commons.wikimedia.org/wiki/Special:FilePath/Shri%20Zaheer%20Khan%20%28Cricket%29%2C%20in%202011%20%28cropped%29.jpg?width=330
36619795,
